PairIndividuals	Rel	Zup	Zdown	P0_mean	Nonnormalized_P0	Nonnormalized_P0_serr	1st_Type	Perc_Win_1stdeg_P0	OverlapNSNPs	NSNPsXNorm	KinshipCoefficient	KinshipCoefficient_95percCI[min,max]
ORT10,ORT11	Unrelated	NA	18.195059479425577	1.0029781622922904	0.24745475253778704	0.0013116071608023233	N/A	0.9024390243902439	402122	99211.53195656658	-0.0029781622922904205	0.9925584547718358,1.013397869812745
ORT10,ORT12	Unrelated	NA	17.95654791447213	1.002968891052243	0.24745246513762426	0.001328901469142852	N/A	0.8902439024390244	383508	94619.08624148626	-0.0029688910522429612	0.9924117935875564,1.0135259885169294
ORT10,ORT13	Unrelated	NA	14.812998837505125	0.9931119535387594	0.24502056170753875	0.0014467414538594486	N/A	0.8414634146341463	245359	60534.96766983955	0.006888046461240638	0.9816187082611784,1.0046051988163403
ORT10,ORT14	Unrelated	NA	15.566143362639778	1.0001155059088422	0.24674847801098387	0.0014877478151215163	N/A	0.8780487804878049	187912	46361.64495606393	-0.00011550590884223944	0.9882964967107841,1.0119345151069004
ORT10,ORT15	Unrelated	NA	16.92421452060052	1.0090203364539043	0.24894547762848612	0.001498178563281304	N/A	0.9085365853658537	217397	53636.18357802285	-0.00902033645390432	0.9971184630048017,1.0209222099030069
ORT10,ORT16	Unrelated	NA	20.535660334869974	1.0182117916304712	0.25121319326945407	0.0013451338104380809	N/A	0.8963414634146342	331563	81803.21685984623	-0.018211791630471152	1.0075257407308513,1.028897842530091
ORT10,ORT18	Unrelated	NA	14.9355868289802	0.9926065711781918	0.24489587378144734	0.0014265185420607835	N/A	0.8475609756097561	244655	60361.27680364118	0.007393428821808157	0.9812739813410898,1.003939161015294
ORT10,ORT2	Unrelated	NA	14.297758603949811	1.0000345959826067	0.24672851591556924	0.0016183329375716892	N/A	0.8841463414634146	168043	41459.56566558735	-3.4595982606688835e-05	0.9871781886800572,1.0128910032851561
ORT10,ORT21	Unrelated	NA	16.022096209651217	1.0067571194521938	0.24838709677419354	0.0015476822892817388	N/A	0.8536585365853658	175770	43365.970954102755	-0.006757119452193816	0.9944619770720328,1.0190522618323548
ORT10,ORT23	Unrelated	NA	18.177667913787047	1.0065623160404515	0.2483390348802675	0.0013615086800077402	N/A	0.8841463414634146	363644	89718.24055091167	-0.0065623160404515435	0.9957461794286608,1.0173784526522422
ORT10,ORT24	Unrelated	NA	19.841308522380846	1.009659292311756	0.24910312080520883	0.0012858596772023347	N/A	0.9024390243902439	418674	103295.24107207156	-0.009659292311755996	0.9994441286947789,1.0198744559287332
ORT10,ORT26	Unrelated	NA	22.284129153594005	1.0174306201641736	0.2510204626606037	0.0012309424451002792	N/A	0.9024390243902439	524272	129348.37756186699	-0.017430620164173627	1.0076517316099114,1.0272095087184359
ORT10,ORT27	Unrelated	NA	16.66518709637737	0.9934329916143615	0.24509976821525747	0.0012907017399513602	N/A	0.8963414634146342	476304	117513.71354225953	0.006567008385638506	0.9831793615425278,1.003686621686195
ORT10,ORT3	Unrelated	NA	17.01344417876792	0.9935664152824482	0.24513268650003212	0.0012662165308990323	N/A	0.8658536585365854	482453	119030.79470171097	0.0064335847175518435	0.983507301316143,1.0036255292487533
ORT10,ORT4	Unrelated	NA	17.395606031999456	1.0041746606221673	0.2477499525822774	0.0013888547662258249	N/A	0.8597560975609756	326882	80648.32063161528	-0.004174660622167314	0.9931412804417709,1.0152080408025639
ORT10,ORT5	Unrelated	NA	22.336788368517528	1.0312640503814838	0.2544334462926198	0.0013808370097978698	N/A	0.8963414634146342	283583	69965.59220047404	-0.03126405038148383	1.0202943650934655,1.0422337356695022
ORT10,ORT6	Unrelated	NA	18.2167059687742	0.998847036964232	0.24643552137783745	0.0012540982537484779	N/A	0.9085365853658537	553447	136546.43298990332	0.001152963035767951	0.9888841933655599,1.0088098805629042
ORT10,ORT7	Unrelated	NA	16.53504436545644	0.9946914696299156	0.24541025988658305	0.0013196382888950578	N/A	0.8841463414634146	427802	105547.30105312093	0.0053085303700843856	0.9842079609895171,1.005174978270314
ORT10,ORT8	Unrelated	NA	18.210227290501205	0.9983706868510505	0.24631799628725193	0.0012480906301350252	N/A	0.8902439024390244	512289	126391.93203678868	0.0016293131489495405	0.988455569189546,1.008285804512555
ORT10,ORT9	Unrelated	NA	17.18805094113795	0.9944029808202467	0.24533908393311724	0.0012653617198512372	N/A	0.8841463414634146	436824	107773.20871624841	0.005597019179753304	0.9843506576685768,1.0044553039719166
ORT11,ORT12	Unrelated	NA	14.71005504019951	0.9828486780828177	0.24248840658825604	0.0012847283238072416	N/A	0.8780487804878049	362706	89486.81720930076	0.01715132191718227	0.9726425021961851,0.9930548539694504
ORT11,ORT13	Unrelated	NA	15.815170829549494	0.9975782958560566	0.24612249759650154	0.001424740561199183	N/A	0.8588957055214724	235074	57997.45267147267	0.0024217041439433817	0.9862598307059101,1.0088967610062032
ORT11,ORT14	Unrelated	NA	11.737880338965908	0.97671085606284	0.24097408325981656	0.001481025579103819	N/A	0.8109756097560976	180231	44466.58878664672	0.023289143937159973	0.9649452498464681,0.9884764622792119
ORT11,ORT15	Unrelated	NA	16.123956403649988	1.0029346685516758	0.24744402176295524	0.0014794160274588166	N/A	0.8963414634146342	205303	50652.35213512066	-0.0029346685516757898	0.9911818489820082,1.0146874881213435
ORT11,ORT16	Unrelated	NA	17.496576889438046	1.0018941061429723	0.24718729422587973	0.0013486816387939392	N/A	0.8475609756097561	317399	78308.67505752551	-0.0018941061429722517	0.9911798704827736,1.012608341803171
ORT11,ORT18	Unrelated	NA	11.915562077754345	0.9758986630421326	0.24077369901367032	0.0014421238937945753	N/A	0.7926829268292683	234303	57807.231566587805	0.024101336957867425	0.9644421007186952,0.98735522536557
ORT11,ORT2	Unrelated	NA	16.10589980377534	1.007282397984992	0.24851669348350763	0.0015476757929610606	N/A	0.8780487804878049	159104	39254.13576083271	-0.007282397984992084	0.9949873072130896,1.0195774887568947
ORT11,ORT21	Unrelated	NA	14.093375985877278	0.9922934873791477	0.24481862975268504	0.0015062854734457967	N/A	0.852760736196319	168247	41509.89654158802	0.007706512620852313	0.9803272107799761,1.0042597639783193
ORT11,ORT23	Unrelated	NA	18.41184042182399	1.0037667909612737	0.24764932298753783	0.0013067319834942465	N/A	0.8841463414634146	343199	84674.05055172733	-0.003766790961273747	0.9933858129653129,1.0141477689572345
ORT11,ORT24	Unrelated	NA	19.751623906978043	1.0060876014556668	0.24822191330721596	0.001247083844339783	N/A	0.9141104294478528	395650	97614.76024344742	-0.00608760145566678	0.9961804819309793,1.0159947209803544
ORT11,ORT26	Unrelated	NA	20.369780949852398	1.0049194358154252	0.24793370350335697	0.001195089987955179	N/A	0.8597560975609756	502832	124058.70118218921	-0.004919435815425199	0.9954253673875743,1.0144135042432763
ORT11,ORT27	Unrelated	NA	16.80263683655517	0.9934066731721609	0.24509327492971372	0.0012797570348948878	N/A	0.8719512195121951	450657	111186.08620505824	0.0065933268278390855	0.983239990342607,1.0035733560017148
ORT11,ORT3	Unrelated	NA	16.33305976855857	0.9902342119386336	0.24431056535637263	0.0012686283780649515	N/A	0.8719512195121951	455801	112455.21378421226	0.00976578806136641	0.9801559377063555,1.0003124861709116
ORT11,ORT4	Unrelated	NA	15.32635190302682	0.9905279099640025	0.24438302652743382	0.001356685819668484	N/A	0.8963414634146342	313336	77306.25177717893	0.009472090035997471	0.9797500872587296,1.0013057326692754
ORT11,ORT5	Unrelated	NA	21.453351398062264	1.0255593259407718	0.2530259767904461	0.0013720930595373833	N/A	0.9207317073170732	272474	67224.77993826133	-0.025559325940771815	1.0146591045951674,1.0364595472863762
ORT11,ORT6	Unrelated	NA	17.40541862436977	0.9954788903761017	0.24560453231764504	0.0012648101467363534	N/A	0.8841463414634146	522470	128903.78815719445	0.0045211096238982895	0.9854309490475149,1.0055268317046886
ORT11,ORT7	Unrelated	NA	16.817394955948718	0.9934326627265874	0.2450996870720723	0.001279015263366669	N/A	0.9024390243902439	404566	99814.51558865298	0.006567337273412632	0.9832718726998497,1.003593452753325
ORT11,ORT8	Unrelated	NA	13.719389229212597	0.9745944238557138	0.24045191714716616	0.001229058716252026	N/A	0.8414634146341463	491329	121220.6812477007	0.02540557614428618	0.9648305000746195,0.9843583476368082
ORT11,ORT9	Unrelated	NA	14.64585428044712	0.9809219209736585	0.24201303711205754	0.00125790237468803	N/A	0.8780487804878049	418651	103289.56651252246	0.01907807902634151	0.9709288565674555,0.9909149853798614
ORT12,ORT13	Unrelated	NA	15.77828749403183	0.9987224551656088	0.24640478455892348	0.0014459618849133645	N/A	0.8475609756097561	220710	54453.56687307287	0.0012775448343912421	0.9872354029621837,1.0102095073690338
ORT12,ORT14	Unrelated	NA	12.215746664973349	0.9838592527920345	0.24273773556070208	0.0015674648347330977	N/A	0.8292682926829268	170126	41973.48338475101	0.016140747207965545	0.9714069533424601,0.9963115522416088
ORT12,ORT15	Unrelated	NA	15.350069682660992	1.0042952380410666	0.24777970144070438	0.0015758703189914596	N/A	0.8658536585365854	195807	48309.49920128576	-0.004295238041066574	0.9917761635004761,1.016814312581657
ORT12,ORT16	Unrelated	NA	19.914646088015978	1.0176500799067036	0.2510746077639783	0.0013801212137618357	N/A	0.8963414634146342	298481	73641.22646840499	-0.017650079906703642	1.0066860810662457,1.0286140787471616
ORT12,ORT18	Unrelated	NA	13.168297796352942	0.9837052533848545	0.24269974082998175	0.0014511942919400015	N/A	0.8475609756097561	219547	54166.631535873	0.016294746615145517	0.9721766337422793,0.9952338730274297
ORT12,ORT2	Unrelated	NA	14.950337075875236	1.003882272034542	0.2476778144756706	0.001611189909637018	N/A	0.8902439024390244	151689	37424.70710620067	-0.003882272034541945	0.9910826105809891,1.0166819334880948
ORT12,ORT21	Unrelated	NA	15.557326374829275	1.0059041506984383	0.24817665233998906	0.001580391740474148	N/A	0.8711656441717791	158911	39206.51880461639	-0.005904150698438304	0.9933491569506079,1.0184591444462687
ORT12,ORT23	Unrelated	NA	16.916242477342635	1.0016932406285282	0.24713773669009398	0.001392020390360638	N/A	0.9024390243902439	327538	80810.16893875466	-0.0016932406285281587	0.9906347120053737,1.0127517692516825
ORT12,ORT24	Unrelated	NA	17.06713716276231	0.9984744071252386	0.24634358615126623	0.0013331822262237754	N/A	0.9146341463414634	376872	92981.85245158226	0.0015255928747613945	0.9878833023464093,1.009065511904068
ORT12,ORT26	Unrelated	NA	20.817469198615864	1.013341755798402	0.2500116581244409	0.0012692069165088256	N/A	0.8658536585365854	471774	116396.0720310683	-0.01334175579840191	1.0032588855242945,1.0234246260725093
ORT12,ORT27	Unrelated	NA	14.618762758425087	0.9834783263318808	0.24264375339192087	0.001303377821600639	N/A	0.8780487804878049	429329	105924.04246318474	0.016521673668119186	0.9731239945657914,0.9938326580979703
ORT12,ORT3	Unrelated	NA	15.635619660870614	0.9873000632324359	0.2435866522451023	0.001278917653759339	N/A	0.9085365853658537	435459	107436.43594300866	0.01269993676756409	0.9771400486387624,0.9974600778261095
ORT12,ORT4	Unrelated	NA	17.149286141774805	1.0036634312146646	0.24762382207288075	0.001401448412536968	N/A	0.8841463414634146	295222	72837.16605229632	-0.003663431214664614	0.9925300042252084,1.014796858204121
ORT12,ORT5	Unrelated	NA	22.001701750309977	1.0339550563442443	0.2550973712309961	0.0014320432735255996	N/A	0.9146341463414634	255671	63079.14410767711	-0.03395505634424434	1.0225785767757405,1.0453315359127482
ORT12,ORT6	Unrelated	NA	16.233056594692663	0.9891719792201975	0.2440484913209047	0.0012602992522212535	N/A	0.8719512195121951	498151	122903.80495395826	0.010828020779802494	0.9791598734702105,0.9991840849701845
ORT12,ORT7	Unrelated	NA	14.161975935266499	0.9830792697593387	0.24254529816216663	0.0013384654807677922	N/A	0.8719512195121951	385998	95233.41899267085	0.01692073024066132	0.9724461935970419,0.9937123459216355
ORT12,ORT8	Unrelated	NA	15.674119696706375	0.9869216993354383	0.2434933023118527	0.0012698206000485476	N/A	0.8475609756097561	460756	113677.71128707156	0.013078300664561726	0.9768339538188154,0.9970094448520611
ORT12,ORT9	Unrelated	NA	16.4108449830136	0.9948129226087336	0.24544022476313598	0.0013314514001201215	N/A	0.8841463414634146	392947	96947.87613643862	0.005187077391266448	0.9842355679086685,1.0053902773087986
ORT13,ORT14	Unrelated	NA	12.77188209230115	0.99682056164426	0.24593554942662216	0.0017495907832365395	N/A	0.7926829268292683	110224	27194.463119104636	0.003179438355739972	0.9829214119700114,1.0107197113185087
ORT13,ORT15	Unrelated	NA	9.188871087802548	0.9706654584559511	0.23948256288076242	0.0017295465890810272	N/A	0.7560975609756098	125078	30859.24170789819	0.02933454154404891	0.9569255444483146,0.9844053724635876
ORT13,ORT16	Unrelated	NA	15.095837436391983	0.9966776356255412	0.24590028672208586	0.00147791101903055	N/A	0.8597560975609756	193916	47842.951718358025	0.003322364374458764	0.9849367721873336,1.0084184990637488
ORT13,ORT18	Unrelated	NA	11.351449121432662	0.980201983944072	0.241835414262232	0.0016073218347457136	N/A	0.8170731707317073	142965	35272.32199723104	0.019798016055928014	0.967433051362882,0.9929709165252619
ORT13,ORT2	Unrelated	NA	13.03083248066989	1.0044500921413801	0.24781790704129786	0.001859276822404835	N/A	0.8475609756097561	97269	23998.205773081987	-0.004450092141380146	0.9896795714641616,1.0192206128185985
ORT13,ORT21	Unrelated	NA	13.222071815467045	1.0016248966576193	0.24712087486693118	0.0017796675862898229	N/A	0.852760736196319	103330	25493.57557425862	-0.0016248966576193347	0.987486809975148,1.0157629833400907
ORT13,ORT23	Unrelated	NA	17.63873289151299	1.0109686107224378	0.2494261558178236	0.0014647409053349075	N/A	0.8841463414634146	209116	51593.09542036839	-0.010968610722437822	0.9993323736821493,1.0226048477627263
ORT13,ORT24	Unrelated	NA	17.54326130934802	1.0090678823170791	0.2489572081429165	0.0014459811925648723	N/A	0.8650306748466258	240700	59385.4992811773	-0.009067882317079112	0.9975806767292508,1.0205550879049075
ORT13,ORT26	Unrelated	NA	18.731269356193742	1.0067039214503777	0.24837397176422837	0.0013231345436119611	N/A	0.8353658536585366	305499	75372.70729082004	-0.006703921450377681	0.9961926377621937,1.0172152051385617
ORT13,ORT27	Unrelated	NA	11.003491553644144	0.9684621308898945	0.23893895794686026	0.00139491866183409	N/A	0.7682926829268293	273844	67562.78631140305	0.031537869110105476	0.9573805777347225,0.9795436840450665
ORT13,ORT3	Unrelated	NA	15.366242950783061	0.9932857796084733	0.24506344807205077	0.001397444118740049	N/A	0.823170731707317	277471	68457.63968029724	0.006714220391526693	0.9821841636455476,1.004387395571399
ORT13,ORT4	Unrelated	NA	12.516176368646414	0.9826502812706819	0.24243945813065537	0.0015060091310734403	N/A	0.8466257668711656	191190	47170.393051800114	0.01734971872931812	0.9706861999985729,0.9946143625427909
ORT13,ORT5	Unrelated	NA	17.52715313351994	1.0165352587626257	0.250799559113167	0.0015524242113102524	N/A	0.8597560975609756	166029	40962.67162507098	-0.016535258762625737	1.0042024454684149,1.0288680720568366
ORT13,ORT6	Unrelated	NA	17.007658683387014	0.998510541898373	0.24635250132178554	0.0013383687615198668	N/A	0.8597560975609756	317752	78395.7672106051	0.0014894581016270392	0.9878782340959212,1.0091428497008246
ORT13,ORT7	Unrelated	NA	14.074207222412626	0.987221851937225	0.24356735595588117	0.001419431546433373	N/A	0.8343558282208589	246244	60753.31485248949	0.012778148062774997	0.9759455628156445,0.9984981410588055
ORT13,ORT8	Unrelated	NA	16.580364426604543	0.9964218059833815	0.24583716843778763	0.0013417790847070866	N/A	0.8658536585365854	298775	73713.76214264124	0.003578194016618519	0.9857624057928863,1.0070812061738768
ORT13,ORT9	Unrelated	NA	12.917578331701582	0.9796360221384475	0.24169578017664378	0.0014016402671127074	N/A	0.8475609756097561	254750	62851.91500573293	0.02036397786155253	0.9685010710123249,0.9907709732645701
ORT14,ORT15	Unrelated	NA	12.87719221968289	1.0032834953271883	0.2475300842981711	0.0018591088535768086	N/A	0.823170731707317	96562	23823.774746942425	-0.0032834953271883016	0.9885143090327887,1.0180526816215878
ORT14,ORT16	Unrelated	NA	15.661512054272494	1.0072085483704525	0.24849847330805624	0.0015904269644202637	N/A	0.8841463414634146	149015	36764.97787862333	-0.007208548370452483	0.9945738325064689,1.0198432642344362
ORT14,ORT18	Unrelated	NA	10.295639034942596	0.9789678006079888	0.24153091657374923	0.0017425760828940137	N/A	0.7012195121951219	110313	27216.42119735983	0.021032199392011175	0.9651243773189697,0.9928112238970079
ORT14,ORT2	Unrelated	NA	10.733726655628619	0.9958637770317493	0.24569949154578088	0.0020598166901184037	N/A	0.8109756097560976	74933	18487.468290969915	0.004136222968250669	0.9795001217405906,1.0122274323229081
ORT14,ORT21	Unrelated	NA	11.149624955386974	0.9957145095045045	0.24566266426438535	0.001979679327273929	N/A	0.8343558282208589	79369	19581.91812400399	0.004285490495495536	0.9799874837677233,1.0114415352412855
ORT14,ORT23	Unrelated	NA	15.003518218487436	1.003490216164333	0.2475810864590588	0.0015990318988081437	N/A	0.8719512195121951	160816	39676.520367269666	-0.003490216164333093	0.9907871407318491,1.016193291596817
ORT14,ORT24	Unrelated	NA	15.79254246790049	1.0035859903646271	0.24760471586787774	0.001520637584691711	N/A	0.8641975308641975	184738	45578.55573828887	-0.003585990364627145	0.9915056973084305,1.0156662834208239
ORT14,ORT26	Unrelated	NA	19.06174400156805	1.0150022860669488	0.2504213441197428	0.001407602677078623	N/A	0.8650306748466258	234369	57823.5150852939	-0.015002286066948756	1.003819968191224,1.0261846039426734
ORT14,ORT27	Unrelated	NA	13.882896659613099	0.9898584022990519	0.2442178456094626	0.0014858472177584614	N/A	0.8414634146341463	210259	51875.096357960356	0.010141597700948135	0.9780544918815044,1.0016623127165993
ORT14,ORT3	Unrelated	NA	14.804084079145253	0.9925757628477695	0.24488827275076952	0.0014386766789189272	N/A	0.8536585365853658	212795	52500.778228243136	0.007424237152230506	0.9811465859883932,1.0040049397071458
ORT14,ORT4	Unrelated	NA	12.06209761731868	0.9846798745127463	0.24294019933554817	0.0016042165895272648	N/A	0.8658536585365854	146888	36240.20448032227	0.0153201254872537	0.9719356107103817,0.9974241383151109
ORT14,ORT5	Unrelated	NA	18.206399231406166	1.0318330296591032	0.2545738248488395	0.001701810567904272	N/A	0.9263803680981595	128175	31623.3334871828	-0.031833029659103174	1.0183134569526426,1.0453526023655637
ORT14,ORT6	Unrelated	NA	16.24443633520357	0.9979178292261822	0.24620626726292252	0.0013922480634530957	N/A	0.8414634146341463	243296	60025.984350283805	0.002082170773817782	0.9868574919158655,1.008978166536499
ORT14,ORT7	Unrelated	NA	15.502502372948898	1.0013673400229062	0.24705733049906406	0.0015137780792515896	N/A	0.8588957055214724	189114	46658.202372499225	-0.0013673400229061716	0.9893415404481093,1.013393139597703
ORT14,ORT8	Unrelated	NA	11.509591279791307	0.9716042129041653	0.23971417235982195	0.0014009350753214633	N/A	0.8353658536585366	229369	56589.91518331681	0.02839578709583468	0.9604748639830551,0.9827335618252755
ORT14,ORT9	Unrelated	NA	13.600222033817083	0.987506673111091	0.24363762703031355	0.0014740674635396874	N/A	0.8719512195121951	195721	48288.28128297175	0.012493326888909029	0.9757963437575166,0.9992170024646654
ORT15,ORT16	First Degree	7.807040348710183	25.86980534115286	0.7690333381022743	0.18973589010001654	0.0013736439793132285	Parent-offspring	0.13414634146341464	169172	41738.11252345378	0.23096666189772574	0.7581207958949553,0.7799458803095932
ORT15,ORT18	Unrelated	NA	12.445542719001262	0.9956523729788167	0.24564733394198582	0.0017723093485478506	N/A	0.8597560975609756	124866	30806.93707205436	0.004347627021183298	0.981572741821314,1.0097320041363194
ORT15,ORT2	Unrelated	NA	12.344334253497404	1.0053547640430323	0.24804110767513776	0.001980756915656429	N/A	0.8841463414634146	86018	21222.359273653132	-0.005354764043032256	0.9896191776974738,1.0210903503885906
ORT15,ORT21	Unrelated	NA	14.029436174148282	1.0155059513522184	0.25054560840905044	0.0019213620448534253	N/A	0.8333333333333334	89808	22157.427999351767	-0.015505951352218439	1.0002422114561746,1.0307696912482622
ORT15,ORT23	Unrelated	NA	16.095805822998198	1.0065566065189993	0.24833762622724675	0.0015375212813848848	N/A	0.8902439024390244	185578	45785.800521821024	-0.006556606518999253	0.9943421855114888,1.0187710275265098
ORT15,ORT24	Unrelated	NA	18.048945892511053	1.0149320417138565	0.250404013434325	0.0014856286544746395	N/A	0.9085365853658537	213483	52670.521574755185	-0.014932041713856536	1.0031298676130662,1.0267342158146469
ORT15,ORT26	Unrelated	NA	21.28329909194368	1.0261468073622095	0.2531709201952259	0.0013898661966872817	N/A	0.8719512195121951	266563	65766.41813414401	-0.026146807362209534	1.0151053921467046,1.0371882225777145
ORT15,ORT27	Unrelated	NA	13.048996474401168	0.9842127905556513	0.24282496039081067	0.001474058039267355	N/A	0.8353658536585366	242368	59797.028208476855	0.01578720944434875	0.9725025360706535,0.995923045040649
ORT15,ORT3	Unrelated	NA	15.574520046987644	0.9972460874644934	0.24604053514864788	0.0014414924407023322	N/A	0.8963414634146342	245614	60597.881264840384	0.0027539125355066085	0.9857945415489643,1.0086976333800224
ORT15,ORT4	Unrelated	NA	15.944283859583779	1.0086774373680332	0.2488608775727424	0.001584950165334915	N/A	0.8841463414634146	167234	41259.969201447464	-0.00867743736803317	0.9960862304496569,1.0212686442864094
ORT15,ORT5	Unrelated	NA	17.49301119313513	1.0238967367075635	0.2526157828074233	0.0016592798263037648	N/A	0.9085365853658537	145272	35841.504992003276	-0.023896736707563537	1.0107150379479288,1.0370784354671982
ORT15,ORT6	Unrelated	NA	16.116862019207687	0.9974264212450555	0.2460850270954528	0.0013957459482680618	N/A	0.8902439024390244	281228	69384.56664664282	0.002573578754944461	0.9863382959370811,1.00851454655303
ORT15,ORT7	Unrelated	NA	14.178010092159445	0.9922173541293072	0.24479984615877695	0.0014959690243948921	N/A	0.8719512195121951	218407	53885.37075822223	0.007782645870692773	0.9803330337628955,1.004101674495719
ORT15,ORT8	Unrelated	NA	16.38206993860643	1.0016803666717975	0.24713456042774176	0.0014372163153148132	N/A	0.9024390243902439	260344	64232.0665760649	-0.0016803666717974952	0.9902627912751786,1.0130979420684163
ORT15,ORT9	Unrelated	NA	15.84750532368157	1.000429653574911	0.24682598451699764	0.001466224608167627	N/A	0.9024390243902439	222825	54975.37963160918	-0.000429653574911093	0.9887816296596906,1.0120776774901314
ORT16,ORT18	Unrelated	NA	14.31874605446425	0.9957770956011363	0.24567810550491936	0.0015426017884215884	N/A	0.8597560975609756	193318	47695.41317008156	0.004222904398863747	0.9835223138827666,1.008031877319506
ORT16,ORT2	Unrelated	NA	15.721023106947577	1.0145550411191662	0.25031099985499394	0.0016996996594857052	N/A	0.8719512195121951	131029	32327.472311231326	-0.014555041119166168	1.0010522379523827,1.0280578442859496
ORT16,ORT21	Unrelated	NA	15.392749290843778	1.0076607334296035	0.24861003639698506	0.001625444141971424	N/A	0.8780487804878049	139572	34435.20110374939	-0.007660733429603495	0.9947478330915036,1.0205736337677034
ORT16,ORT23	Unrelated	NA	19.311190634772803	1.0169555836064477	0.2509032616503944	0.0014143757334083976	N/A	0.8963414634146342	282587	69719.8591000002	-0.016955583606447666	1.0057194590208447,1.0281917081920506
ORT16,ORT24	Unrelated	NA	21.16071457657377	1.0216864528550176	0.2520704616186549	0.0013459129313542315	N/A	0.9329268292682927	326135	80464.0208062599	-0.02168645285501758	1.0109942124404943,1.032378693269541
ORT16,ORT26	Unrelated	NA	22.59199025811449	1.0229160639055668	0.2523738312329404	0.0012740731857058788	N/A	0.8902439024390244	413256	101958.51221828918	-0.022916063905566775	1.012794534875039,1.0330375929360947
ORT16,ORT27	Unrelated	NA	17.136570879682203	1.0003073059822898	0.24679579892134468	0.0013541692122027852	N/A	0.8658536585365854	369905	91262.95434816738	-0.000307305982289785	0.9895494757827915,1.0110651361817882
ORT16,ORT3	Unrelated	NA	19.05992786918801	1.007719898726496	0.24862463365787446	0.0013134704179545633	N/A	0.8780487804878049	374991	92517.77216845847	-0.007719898726495922	0.9972853890647128,1.018154408388279
ORT16,ORT4	Unrelated	NA	17.987588630923764	1.0086817965511254	0.24886195307030945	0.001404967133477487	N/A	0.8719512195121951	258557	63791.17797109829	-0.008681796551125442	0.9975204160370607,1.0198431770651903
ORT16,ORT5	Unrelated	NA	20.275390533033736	1.027060220751941	0.25339627752883337	0.0014700725614593276	N/A	0.9146341463414634	225173	55554.67814557763	-0.027060220751941033	1.015381627814951,1.038738813688931
ORT16,ORT6	Unrelated	NA	19.69488478135609	1.007491642616235	0.24856831831482576	0.0012682651540628924	N/A	0.8902439024390244	429914	106068.37365171606	-0.007491642616235028	0.9974162539185736,1.0175670313138965
ORT16,ORT7	Unrelated	NA	17.609488731502854	1.0032220418572713	0.24751492249927795	0.001358639119551988	N/A	0.8963414634146342	332384	82005.77396375086	-0.003222041857271263	0.9924287016906013,1.0140153820239413
ORT16,ORT8	Unrelated	NA	19.713214760322728	1.009510168489378	0.2490663289786752	0.0012923486633242501	N/A	0.9024390243902439	404318	99753.32903351492	-0.009510168489377913	0.9992434548812791,1.0197768820974769
ORT16,ORT9	Unrelated	NA	16.010857027272024	0.9898591679424041	0.24421803450897547	0.001288379019342345	N/A	0.8841463414634146	344606	85021.18556414367	0.010140832057595861	0.9796239900947737,1.0000943457900346
ORT18,ORT2	Unrelated	NA	12.562473866491887	1.0003370414572625	0.246803135257147	0.001847817019999192	N/A	0.8414634146341463	96579	23827.968986609147	-0.00033704145726254353	0.9856575600735745,1.0150165228409505
ORT18,ORT21	Unrelated	NA	11.465205761892067	0.9893494528334527	0.24409227760728772	0.0017882187027192119	N/A	0.8414634146341463	103297	25485.433814905573	0.010650547166547342	0.9751434341246625,1.0035554715422428
ORT18,ORT23	Unrelated	NA	15.720715386693568	1.0016872858933958	0.24713626753795886	0.0014977871378894626	N/A	0.9024390243902439	208120	51347.36231989455	-0.0016872858933958401	0.9897885220172057,1.0135860497695859
ORT18,ORT24	Unrelated	NA	15.65462618423635	0.9968651248962753	0.24594654407128572	0.001428112148755729	N/A	0.8597560975609756	239487	59086.22794495765	0.003134875103724677	0.9855198750828021,1.0082103747097484
ORT18,ORT26	Unrelated	NA	16.5525252342107	0.99758427877905	0.24612397370314518	0.001361362761932164	N/A	0.823170731707317	304371	75094.407152934	0.002415721220950018	0.9867693013738532,1.0083992561842468
ORT18,ORT27	Unrelated	NA	11.897888867365038	0.9760225251458562	0.24080425826947274	0.0014468344954323693	N/A	0.8048780487804879	272599	67255.61993581076	0.02397747485414381	0.9645285407247222,0.9875165095669902
ORT18,ORT3	Unrelated	NA	12.478242665777307	0.9771106543301713	0.24107272148049466	0.0014010578024014856	N/A	0.823170731707317	276232	68151.95362458732	0.022889345669828698	0.9659803304370445,0.9882409782232981
ORT18,ORT4	Unrelated	NA	11.907555039346276	0.9808915149412907	0.24200553533634783	0.0015465436054797868	N/A	0.8353658536585366	190413	46978.69162703287	0.019108485058709324	0.9686054185259042,0.9931776113566771
ORT18,ORT5	Unrelated	NA	16.978874912007633	1.0130498644013932	0.24993964268469337	0.0015519085091268545	N/A	0.8719512195121951	165680	40876.56635191298	-0.013049864401393219	1.0007211479633746,1.0253785808394118
ORT18,ORT6	Unrelated	NA	14.559464601466575	0.9863185968120396	0.24334450486910333	0.0013568165572355748	N/A	0.8109756097560976	316280	78032.59539946304	0.013681403187960406	0.9755397354976071,0.9970974581264721
ORT18,ORT7	Unrelated	NA	12.612771905717945	0.9790497901752152	0.24155114503816794	0.0014240456371590357	N/A	0.8109756097560976	245625	60600.59518462473	0.020950209824784793	0.9677368456607159,0.9903627346897145
ORT18,ORT8	Unrelated	NA	14.18522170127651	0.9842183527032135	0.24282633268374818	0.001356083877678758	N/A	0.8475609756097561	298139	73556.84823510975	0.01578164729678655	0.9734453119628952,0.9949913934435317
ORT18,ORT9	Unrelated	NA	9.409775895021314	0.9615940086757029	0.23724445496882154	0.0014510943605679117	N/A	0.7560975609756098	253380	62513.90863259121	0.03840599132429712	0.9500661829108225,0.9731218344405833
ORT2,ORT3	Unrelated	NA	14.315822861955704	0.9947986907820452	0.24543671348713444	0.0015260548739984671	N/A	0.8475609756097561	190159	46916.02475201243	0.005201309217954808	0.9826753615395444,1.006922020024546
ORT2,ORT4	Unrelated	NA	14.71892110765783	1.0062390837767805	0.2482592870225114	0.001676026701191329	N/A	0.8780487804878049	129401	31925.812183147584	-0.006239083776780507	0.9929243440095752,1.0195538235439858
ORT2,ORT5	Unrelated	NA	19.457109741902357	1.0441656279615907	0.2576165232602538	0.0017487973022851798	N/A	0.8841463414634146	112617	27784.864032190875	-0.04416562796159074	1.0302727818816524,1.058058474041529
ORT2,ORT6	Second Degree	0.5825619264169734	15.500856110033917	0.9028542553592891	0.22275218418216422	0.0014381270268328224	N/A	0.5182926829268293	218045	53796.05812531908	0.09714574464071091	0.8914294450619036,0.9142790656566746
ORT2,ORT7	Unrelated	NA	16.27917156365373	1.0103818075510316	0.2492813797508783	0.0015781759788619	N/A	0.8650306748466258	169074	41713.93396537503	-0.010381807551031574	0.9978444163206505,1.0229191987814128
ORT2,ORT8	Unrelated	NA	17.68510863487376	1.01113784427825	0.2494679091173958	0.0014632608381617825	N/A	0.8780487804878049	202503	49961.53619001349	-0.011137844278249931	0.9995133652303814,1.0227623233261185
ORT2,ORT9	Unrelated	NA	15.609343784072736	1.0037478921040186	0.2476446602618464	0.001541043516066494	N/A	0.8597560975609756	172162	42475.80526483608	-0.003747892104018602	0.991505489657936,1.0159902945501011
ORT21,ORT2	Unrelated	NA	12.96106473355298	1.018821511658955	0.2513636233829283	0.0021428518197028176	N/A	0.8466257668711656	70034	17278.78710701276	-0.01882151165895496	1.0017982062911197,1.0358448170267902
ORT21,ORT23	Second Degree	2.1532274535193796	12.352799554418864	0.892334055016789	0.2201566405599067	0.0015945095200369408	N/A	0.5121951219512195	150025	37014.1650588227	0.10766594498321103	0.8796669063964642,0.9050012036371138
ORT21,ORT24	First Degree	8.810316105438215	25.41006569825913	0.7642265973464042	0.18854997111496244	0.001351825838458145	Parent-offspring	0.11585365853658537	173100	42707.22860644699	0.2357734026535958	0.7534873834443462,0.7749658112484622
ORT21,ORT26	Unrelated	NA	19.098804649460057	1.0182644006685884	0.25122617297030697	0.001447011540470414	N/A	0.8902439024390244	218974	54025.26098710643	-0.018264400668588365	1.0067690097611455,1.0297597915760313
ORT21,ORT27	Unrelated	NA	15.713319129369376	1.0011327215144903	0.24699944542526725	0.0014897847487972782	N/A	0.8711656441717791	196547	48492.07198677837	-0.001132721514490287	0.9892975304490451,1.0129679125799353
ORT21,ORT3	Unrelated	NA	16.15007698512567	1.0024613545529133	0.24732724574245968	0.0014697925917612426	N/A	0.8588957055214724	198765	49039.296903295406	-0.0024613545529132974	0.9907849857592915,1.014137723346535
ORT21,ORT4	Unrelated	NA	14.920195343427833	1.0048852671551725	0.2479252734121693	0.001631030332960114	N/A	0.8902439024390244	137247	33861.57714933004	-0.004885267155172457	0.9919279888371446,1.0178425454732003
ORT21,ORT5	Unrelated	NA	16.67856202193588	1.0201841871920625	0.25169982266374186	0.0016853875288183225	N/A	0.8834355828220859	118983	29355.48342738811	-0.020184187192062497	1.0067950828674366,1.0335732915166884
ORT21,ORT6	Unrelated	NA	17.41998574799824	1.0086042530424368	0.24884282153736598	0.0014496475295290982	N/A	0.8719512195121951	227493	56127.068500094996	-0.008604253042436838	0.9970879212345174,1.0201205848503563
ORT21,ORT7	Unrelated	NA	16.274486452065936	1.007019718538895	0.24845188521571626	0.0015276612909166161	N/A	0.8597560975609756	176505	43547.310139693385	-0.007019718538894937	0.9948836275526776,1.0191558095251123
ORT21,ORT8	Unrelated	NA	15.48026595058208	0.995050276012216	0.24549878459018995	0.0014152729951010885	N/A	0.8719512195121951	214331	52879.740118130496	0.004949723987784038	0.9838070233743375,1.0062935286500945
ORT21,ORT9	Unrelated	NA	15.213004990426901	0.9987293762712938	0.2464064921339824	0.0014998029590466784	N/A	0.8536585365853658	182621	45056.24953979177	0.0012706237287062327	0.9868145982503967,1.010644154292191
ORT23,ORT2	Third Degree	6.394416076317317	0.6353709144097417	0.9104866876339558	0.22463525772333934	0.0016451421780333546	N/A	0.5670731707317073	143526	35410.731906232875	0.0895133123660442	0.897417301588377,0.9235560736795346
ORT23,ORT24	Second Degree	3.4143231625300925	14.322154953490813	0.8882028547666933	0.21913739091519355	0.0013040919403936103	N/A	0.5	357520	88207.32739097011	0.11179714523330675	0.8778428498774462,0.8985628596559403
ORT23,ORT26	Unrelated	NA	12.700074542954152	0.9731602605861758	0.2400980804134219	0.0012998426209421062	N/A	0.7682926829268293	447388	110379.55858914561	0.026839739413824226	0.9628340132633472,0.9834865079090044
ORT23,ORT27	Unrelated	NA	18.299148484343185	1.0028940323197608	0.24743399599261384	0.0013030122018883351	N/A	0.9024390243902439	407248	100476.2185760735	-0.0028940323197608198	0.9925426051203585,1.0132454595191631
ORT23,ORT3	Unrelated	NA	17.999133969028264	1.000316885035956	0.24679816226527745	0.0012894053720509172	N/A	0.8963414634146342	412029	101655.786802344	-0.00031688503595606043	0.9900735536074703,1.0105602164644418
ORT23,ORT4	Unrelated	NA	18.26051178347198	1.010559486882488	0.2493252167920519	0.001409338076821988	N/A	0.8963414634146342	278608	68738.16029800683	-0.01055948688248809	0.9993633825939584,1.0217555911710177
ORT23,ORT5	Unrelated	NA	22.759443013477792	1.0374050154949155	0.25594854508501463	0.0014217642686819773	N/A	0.9207317073170732	242076	59724.985974201394	-0.03740501549491548	1.0261101946938174,1.0486998362960136
ORT23,ORT6	Unrelated	NA	12.59453135097242	0.9722511069160387	0.23987377403774926	0.0012929255841777495	N/A	0.7804878048780488	472486	116571.73665710982	0.027748893083961335	0.9619798101166188,0.9825224037154585
ORT23,ORT7	Unrelated	NA	17.40727602069679	1.0023760866370175	0.24730620844392154	0.0013624317890045124	N/A	0.9024390243902439	365470	90168.7512351137	-0.002376086637017494	0.9915526166360511,1.013199556637984
ORT23,ORT8	Unrelated	NA	18.60318286894359	1.0040018005948979	0.24770730455973836	0.0012964083886232108	N/A	0.8902439024390244	436604	107718.93032056141	-0.004001800594897853	0.9937028355997277,1.014300765590068
ORT23,ORT9	Unrelated	NA	17.821505154606267	1.0011563298836224	0.2470052700816367	0.001313878241212212	N/A	0.8963414634146342	373239	92085.5187628057	-0.0011563298836223534	0.9907185803805272,1.0115940793867175
ORT24,ORT2	First Degree	5.738701171684436	26.626270641380795	0.7792539809425552	0.19225752690119924	0.001429322929472368	Parent-offspring	0.11042944785276074	165606	40858.30907336372	0.22074601905744484	0.7678991124099138,0.7906088494751965
ORT24,ORT26	Third Degree	0.12874112614235564	9.076923622520333	0.9524694536106098	0.23499324492204485	0.0012562915766311507	N/A	0.6585365853658537	515168	127102.23886034709	0.04753054638939025	0.9424891857528924,0.9624497214683271
ORT24,ORT27	Unrelated	NA	17.894876765002085	0.9999654040173934	0.2467114448752683	0.001292071632878739	N/A	0.9263803680981595	469127	115743.00424296162	3.459598260657781e-05	0.9897008912025677,1.010229916832219
ORT24,ORT3	Unrelated	NA	18.573781582154254	1.0024628972930636	0.2473276263672793	0.0012780189122466202	N/A	0.9141104294478528	474391	117041.7382197631	-0.002462897293063593	0.9923100225076946,1.0126157720784326
ORT24,ORT4	Unrelated	NA	18.984656969894402	1.0104446155128541	0.24929687572998782	0.0013540878582849927	N/A	0.8902439024390244	321067	79213.64394561591	-0.010444615512854138	0.9996874316075012,1.021201799418207
ORT24,ORT5	Unrelated	NA	22.906562844003663	1.0352309251501834	0.25541215355778446	0.0013892163368703064	N/A	0.8780487804878049	279556	68972.05083942169	-0.035230925150183445	1.0241946725698214,1.0462671777305455
ORT24,ORT6	Third Degree	3.741764472890699	5.556753842100458	0.9342622948113704	0.23050117506004023	0.001243746443171495	N/A	0.676829268292683	543802	134166.81877898952	0.06573770518862965	0.9243816883655156,0.9441429012572251
ORT24,ORT7	Unrelated	NA	18.63226572420033	1.0045420302630041	0.24784059001286254	0.0013015383173725693	N/A	0.9024390243902439	420601	103770.67047429353	-0.004542030263004149	0.9942023119395764,1.0148817485864319
ORT24,ORT8	Unrelated	NA	19.821362325716276	1.0074985200672104	0.24857001511939555	0.0012602581233096257	N/A	0.9146341463414634	503327	124180.82757248494	-0.007498520067210412	0.997486741054712,1.0175102990797087
ORT24,ORT9	Unrelated	NA	17.43406875720047	0.9970135302642175	0.24598315864075498	0.0012844492424155486	N/A	0.9146341463414634	428944	105829.0552707325	0.0029864697357825376	0.9868095714640439,1.007217489064391
ORT26,ORT2	Second Degree	3.0775433814522404	12.835540184271059	0.8881190267779013	0.2191167088754422	0.0014535208130178117	N/A	0.47560975609756095	206908	51048.33770365531	0.11188097322209867	0.8765719247193288,0.8996661288364739
ORT26,ORT27	Unrelated	NA	19.988909641308595	1.0068708455912818	0.24841515528499974	0.0012419473346534325	N/A	0.8536585365853658	587597	144971.92032040688	-0.006870845591281816	0.9970045316753217,1.0167371595072419
ORT26,ORT3	Unrelated	NA	21.13172322746632	1.0108527064915973	0.2493975599282629	0.0012212718015050844	N/A	0.8597560975609756	593835	146510.9595581135	-0.010852706491597308	1.0011506437437259,1.0205547692394688
ORT26,ORT4	Unrelated	NA	19.80809331353174	1.0080056554207126	0.24869513554386946	0.0012674189743124254	N/A	0.8719512195121951	407322	100494.47585462275	-0.008005655420712632	0.9979369889686847,1.0180743218727406
ORT26,ORT5	Unrelated	NA	24.235428908458875	1.0348780793120707	0.2553250994395227	0.0013094514368218156	N/A	0.9207317073170732	353984	87334.92554029191	-0.03487807931207065	1.0244754973563759,1.0452806612677654
ORT26,ORT6	Third Degree	1.3931460913671354	8.067016717147412	0.9462219768327815	0.23345186757389824	0.0012224947197130966	N/A	0.6707317073170732	682222	168317.79846532337	0.05377802316721847	0.936510198942732,0.955933754722831
ORT26,ORT7	Unrelated	NA	21.138166292136336	1.01217812475188	0.24972456709545554	0.001236369536549142	N/A	0.8292682926829268	526444	129884.25335928584	-0.01217812475187996	1.002356122140853,1.022000127362907
ORT26,ORT8	Unrelated	NA	22.123034152846902	1.0127141812818559	0.24985682295202202	0.0011873073348437444	N/A	0.8963414634146342	640815	158101.86423709028	-0.012714181281855863	1.0032819400318198,1.022146422531892
ORT26,ORT9	Unrelated	NA	18.90947410185086	1.0015332462979236	0.24709826289198383	0.0012432011875113218	N/A	0.8475609756097561	546483	134828.27504642963	-0.0015332462979236183	0.9916569714878457,1.0114095211080016
ORT27,ORT2	Unrelated	NA	15.682989014992378	1.0023457669373224	0.24729872796820718	0.001511749176907169	N/A	0.8902439024390244	187967	46375.21455498568	-0.0023457669373223577	0.990336085427178,1.0143554484474668
ORT27,ORT3	Unrelated	NA	14.691303845018554	0.9814132096665434	0.2421342478487346	0.0012622613902083465	N/A	0.8841463414634146	540031	133236.4377329184	0.01858679033345656	0.9713855162432413,0.9914409030898456
ORT27,ORT4	Unrelated	NA	15.050356877337338	0.9874458755121314	0.24362262704789017	0.0013310411824657027	N/A	0.8536585365853658	365315	90130.5096381524	0.012554124487868634	0.9768717796750144,0.9980199713492484
ORT27,ORT5	Unrelated	NA	21.140621843220348	1.0235029409568979	0.2525186255275393	0.0013683913135917642	N/A	0.9207317073170732	317038	78219.60914460277	-0.023502940956897866	1.012632127128438,1.0343737547853578
ORT27,ORT6	Unrelated	NA	15.396069828358602	0.9829127840152556	0.24250422280265033	0.0012285109628733454	N/A	0.8719512195121951	619849	152929.13312811992	0.017087215984744386	0.9731532117123857,0.9926723563181256
ORT27,ORT7	Unrelated	NA	13.248388564696373	0.9771439246992033	0.24108092994528998	0.0013202320890972894	N/A	0.8658536585365854	479254	118241.53748442602	0.022856075300796697	0.9666556987740738,0.9876321506243328
ORT27,ORT8	Unrelated	NA	17.977728422524844	0.9992268328044727	0.24652922460009588	0.001275981137750771	N/A	0.8902439024390244	573575	141512.41275530233	0.0007731671955273356	0.989090146566158,1.0093635190427874
ORT27,ORT9	Unrelated	NA	14.010007625412229	0.9792153658369478	0.24159199586218458	0.0012849396024726739	N/A	0.8475609756097561	489147	120682.3382504779	0.020784634163052207	0.969007511504234,0.9894232201696616
ORT3,ORT4	Unrelated	NA	16.759407660455828	0.9980905075989519	0.24624887046766697	0.001352010088505863	N/A	0.8780487804878049	369622	91193.13259371548	0.0019094924010480963	0.9873498299723388,1.008831185225565
ORT3,ORT5	Unrelated	NA	21.59221484492157	1.0294021872399428	0.2539740874548399	0.0014071787187981731	N/A	0.9024390243902439	321080	79216.85130536105	-0.029402187239942812	1.0182232373858449,1.0405811370940408
ORT3,ORT6	Unrelated	NA	17.295925218225317	0.992028001876545	0.24475312917468764	0.0012235914918872941	N/A	0.9024390243902439	628041	154950.2632075192	0.007971998123454949	0.9823075109772857,1.0017484927758042
ORT3,ORT7	Unrelated	NA	14.168690888340318	0.980055170633671	0.2417991924851681	0.0012851723843311834	N/A	0.8597560975609756	485440	119767.74728315209	0.01994482936632902	0.969845467028588,0.990264874238754
ORT3,ORT8	Unrelated	NA	16.797165942204348	0.9915964772030113	0.24464666341569324	0.0012535853521240888	N/A	0.8536585365853658	580339	143181.22670269693	0.00840352279698875	0.9816377082122496,1.001555246193773
ORT3,ORT9	Third Degree	6.852102933885039	2.1631286813289106	0.9174972603328546	0.2263649060821723	0.0012828288362018742	N/A	0.6463414634146342	494741	122062.48982080987	0.08250273966714539	0.9073061744105636,0.9276883462551456
ORT4,ORT5	Unrelated	NA	19.77521737128192	1.0222170077091786	0.25220136010187216	0.0014468300060293696	N/A	0.9024390243902439	221454	54637.126538487064	-0.02221700770917856	1.0107230589528895,1.0337109564654676
ORT4,ORT6	Unrelated	NA	16.026998543291693	0.9905307444077914	0.24438372584134985	0.0012974196978825514	N/A	0.8658536585365854	423813	104563.13505132361	0.00946925559220857	0.98022374534037,1.0008377434752127
ORT4,ORT7	Unrelated	NA	15.466749311977521	0.9932796802091723	0.24506194322837482	0.001388265922070553	N/A	0.8658536585365854	327558	80815.10333836258	0.006720319790827656	0.9822509779415355,1.0043083824768093
ORT4,ORT8	Unrelated	NA	17.96695739898982	0.9990572686252713	0.24648738972912757	0.0012744176427482762	N/A	0.9024390243902439	398564	98333.70226631968	0.000942731374728667	0.9889330031491502,1.0091815341013926
ORT4,ORT9	Unrelated	NA	12.631916948977146	0.9736310340100608	0.2402142296233335	0.0013160510362072457	N/A	0.823170731707317	340009	83887.01381426594	0.026368965989939208	0.9631760233261588,0.9840860446939628
ORT5,ORT6	Unrelated	NA	21.975896334680627	1.0221299666443306	0.25217988533205926	0.0013009664162636544	N/A	0.9024390243902439	368368	90883.74573829962	-0.022129966644330645	1.0117947916342238,1.0324651416544375
ORT5,ORT7	Unrelated	NA	20.905808673680628	1.0236922441780771	0.2525653304145574	0.0013859950903352374	N/A	0.9146341463414634	285051	70327.77713169451	-0.023692244178077138	1.0126815819175532,1.034702906438601
ORT5,ORT8	Unrelated	NA	23.12775945150151	1.0287401740309658	0.2538107555688996	0.001306688328323534	N/A	0.9390243902439024	346388	85460.84056920832	-0.028740174030965848	1.018359542841674,1.0391208052202576
ORT5,ORT9	Unrelated	NA	19.5371662585402	1.0142170176402205	0.25022760270889527	0.0013634331674842073	N/A	0.8963414634146342	295471	72898.59932741478	-0.014217017640220542	1.0033855924593897,1.0250484428210513
ORT6,ORT7	Unrelated	NA	16.345614327284647	0.9883749773975032	0.24385185504683446	0.0012395907799968345	N/A	0.8658536585365854	556428	137281.90525146207	0.01162502260249676	0.9785273844911652,0.9982225703038413
ORT6,ORT8	Unrelated	NA	18.565736140929523	0.9981616638959161	0.24626642614785899	0.0012214136699120084	N/A	0.8780487804878049	665783	164261.96870760308	0.0018383361040839041	0.9884584741129455,1.0078648536788868
ORT6,ORT9	Unrelated	NA	17.26259113729978	0.9919887677816481	0.24474344933956385	0.00122539350772832	N/A	0.8841463414634146	567958	140126.58662542125	0.008011232218351871	0.9822539612560551,1.0017235743072412
ORT7,ORT8	Unrelated	NA	18.987384462366876	1.0016931506438935	0.24713771448908667	0.0012401777771135446	N/A	0.9146341463414634	514187	126860.20655957918	-0.0016931506438935262	0.991840894498093,1.011545406789694
ORT7,ORT9	Unrelated	NA	11.444106818798616	0.9657738931492982	0.2382757159842021	0.001283257311678565	N/A	0.823170731707317	439046	108321.42051268702	0.03422610685070182	0.9555794033197396,0.9759683829788568
ORT8,ORT9	Unrelated	NA	17.09846184212519	0.9937130889505762	0.24516887382455718	0.0012620370060449167	N/A	0.9207317073170732	533416	131604.3850626027	0.0062869110494238045	0.9836871780864314,1.003738999814721
