method	direction	sample1	sample2	chromosome	start_cM	end_cM	length_cM	start_bp	end_bp	marker_steps	snp_per_cM
raw	fu_x_nu	ORT15_fu.1	ORT16_nu.1	1	43.99540126	286.26260757	242.26720631	20541370	249198164	80689	333.05787122
raw	fu_x_nu	ORT15_fu.1	ORT16_nu.1	2	0.04830000	76.79370046	76.74540046	100373	47804714	22855	297.80286329
raw	fu_x_nu	ORT15_fu.1	ORT16_nu.1	2	85.06479859	116.56919718	31.50439858	57436278	88541064	12132	385.08908423
raw	fu_x_nu	ORT15_fu.1	ORT16_nu.1	2	118.81550550	268.83249283	150.01698732	98686948	243044147	54215	361.39240607
raw	fu_x_nu	ORT15_fu.1	ORT16_nu.1	3	0.01990000	14.63149935	14.61159935	104972	5573036	3475	237.82475257
raw	fu_x_nu	ORT15_fu.1	ORT16_nu.1	3	20.35039961	32.84040093	12.49000132	8148696	14572619	3336	267.09364669
raw	fu_x_nu	ORT15_fu.1	ORT16_nu.1	3	41.29180014	153.80070210	112.50890195	22157610	143415442	46202	410.65195018
raw	fu_x_nu	ORT15_fu.1	ORT16_nu.1	3	159.38240290	174.41099882	15.02859592	148803869	168924612	6883	457.99355007
raw	fu_x_nu	ORT15_fu.1	ORT16_nu.1	3	175.53149462	223.25730324	47.72580862	169741291	197836412	10805	226.39742128
raw	fu_x_nu	ORT15_fu.1	ORT16_nu.1	4	0.34830000	119.39129829	119.04299830	90883	109981685	39386	330.85524192
raw	fu_x_nu	ORT15_fu.1	ORT16_nu.1	4	120.43160200	155.02820015	34.59659815	111072985	153003675	13608	393.33347000
raw	fu_x_nu	ORT15_fu.1	ORT16_nu.1	4	160.05959511	176.10429525	16.04470015	156080728	171109550	5442	339.17741999
raw	fu_x_nu	ORT15_fu.1	ORT16_nu.1	5	0.12310000	204.08580303	203.96270304	163769	180690937	69331	339.91999011
raw	fu_x_nu	ORT15_fu.1	ORT16_nu.1	6	2.57830000	55.21100163	52.63270158	1063883	37039564	22852	434.17873893
raw	fu_x_nu	ORT15_fu.1	ORT16_nu.1	6	64.43269849	119.87290382	55.44020534	42458006	115838251	24889	448.93412370
raw	fu_x_nu	ORT15_fu.1	ORT16_nu.1	6	120.91890574	142.31419563	21.39528990	117678083	138484929	8441	394.52608683
raw	fu_x_nu	ORT15_fu.1	ORT16_nu.1	6	146.78629637	162.64549494	15.85919857	143243309	154699997	5541	349.38713804
raw	fu_x_nu	ORT15_fu.1	ORT16_nu.1	6	170.03120184	192.03250408	22.00130224	159548276	170909002	6264	284.71041991
raw	fu_x_nu	ORT15_fu.1	ORT16_nu.1	7	0.19730000	131.44700527	131.24970528	123250	121040956	44596	339.77981058
raw	fu_x_nu	ORT15_fu.1	ORT16_nu.1	7	132.85419941	187.15260029	54.29840088	123324957	159119486	14497	266.98760489
raw	fu_x_nu	ORT15_fu.1	ORT16_nu.1	8	0.01350000	155.50980568	155.49630568	197042	139165289	57977	372.85130181
raw	fu_x_nu	ORT15_fu.1	ORT16_nu.1	9	1.81370000	19.29550022	17.48180017	1007443	8258063	4774	273.08400473
raw	fu_x_nu	ORT15_fu.1	ORT16_nu.1	9	23.80030006	56.03600144	32.23570138	10314941	31485649	10295	319.36640304
raw	fu_x_nu	ORT15_fu.1	ORT16_nu.1	9	71.74969912	79.95539904	8.20569992	77164006	81720891	2165	263.84099113
raw	fu_x_nu	ORT15_fu.1	ORT16_nu.1	9	86.60709858	123.32869768	36.72159910	86800027	117004955	13606	370.51763356
raw	fu_x_nu	ORT15_fu.1	ORT16_nu.1	9	128.51279974	143.93780231	15.42500257	120969775	133051139	4660	302.10691877
raw	fu_x_nu	ORT15_fu.1	ORT16_nu.1	10	0.00990000	19.10080016	19.09090016	135656	8247228	5026	263.26678987
raw	fu_x_nu	ORT15_fu.1	ORT16_nu.1	10	32.27019906	180.91529608	148.64509702	14240306	135434303	50356	338.76663954
raw	fu_x_nu	ORT15_fu.1	ORT16_nu.1	11	0.04360000	23.94350022	23.89990022	247986	12327308	6192	259.08057954
raw	fu_x_nu	ORT15_fu.1	ORT16_nu.1	11	28.75240147	82.34369755	53.59129608	17001235	76336832	19939	372.05668569
raw	fu_x_nu	ORT15_fu.1	ORT16_nu.1	11	88.56980205	158.21709633	69.64729428	80727085	134942543	24652	353.95488445
raw	fu_x_nu	ORT15_fu.1	ORT16_nu.1	12	0.19360000	42.17250049	41.97890050	207231	23657441	10382	247.31471948
raw	fu_x_nu	ORT15_fu.1	ORT16_nu.1	12	65.18039703	113.76320124	48.58280420	52059954	97439396	16823	346.27478335
raw	fu_x_nu	ORT15_fu.1	ORT16_nu.1	12	115.30729532	161.21259928	45.90530396	98583490	129058869	13748	299.48609018
raw	fu_x_nu	ORT15_fu.1	ORT16_nu.1	13	0.74430000	69.27949786	68.53519785	19662154	73968916	20967	305.93039281
raw	fu_x_nu	ORT15_fu.1	ORT16_nu.1	13	71.15460038	90.46509862	19.31049824	75025477	97629610	8260	427.74660179
raw	fu_x_nu	ORT15_fu.1	ORT16_nu.1	13	97.09770083	122.42200375	25.32430291	101840684	112784507	6231	246.04823366
raw	fu_x_nu	ORT15_fu.1	ORT16_nu.1	14	2.30160000	86.56820059	84.26660057	20445370	90144990	28656	340.06355787
raw	fu_x_nu	ORT15_fu.1	ORT16_nu.1	15	27.85750000	141.34600163	113.48850131	27068434	102398060	32783	288.86626946
raw	fu_x_nu	ORT15_fu.1	ORT16_nu.1	16	20.75140029	99.33530092	78.58390063	8592549	78923074	22023	280.24824198
raw	fu_x_nu	ORT15_fu.1	ORT16_nu.1	16	104.40030098	134.02630091	29.62599993	80421905	90149922	6525	220.24573064
raw	fu_x_nu	ORT15_fu.1	ORT16_nu.1	17	40.98530114	53.90390158	12.91860044	15370190	32675796	3781	292.67876327
raw	fu_x_nu	ORT15_fu.1	ORT16_nu.1	17	60.59799790	112.95219660	52.35419869	36185665	75521095	14152	270.31260821
raw	fu_x_nu	ORT15_fu.1	ORT16_nu.1	18	1.42380000	117.70900488	116.28520489	565414	78015180	33658	289.44352837
raw	fu_x_nu	ORT15_fu.1	ORT16_nu.1	20	0.07640000	98.06960225	97.99320225	97122	59359142	27299	278.58054817
raw	fu_x_nu	ORT15_fu.1	ORT16_nu.1	21	1.45240000	57.95990229	56.50750231	15231699	44859819	14604	258.44355887
raw	fu_x_nu	ORT15_fu.1	ORT16_nu.1	22	45.68850100	66.28850102	20.60000002	37649170	48855759	5179	251.40776670
raw	nu_x_fu	ORT15_nu.1	ORT16_fu.1	1	21.22420000	71.88959718	50.66539645	9591499	43751977	13349	263.47371056
raw	nu_x_fu	ORT15_nu.1	ORT16_fu.1	1	73.56659770	106.29969835	32.73310065	46904539	77870482	12636	386.03125729
raw	nu_x_fu	ORT15_nu.1	ORT16_fu.1	1	112.83140182	242.83509254	130.00369072	84751614	224897974	44496	342.26720606
raw	nu_x_fu	ORT15_nu.1	ORT16_fu.1	1	250.79810619	259.81719494	9.01908875	232474875	236615519	2136	236.83102144
raw	nu_x_fu	ORT15_nu.1	ORT16_fu.1	1	261.43949032	285.15861034	23.71912003	237146261	248075062	5297	223.32194425
raw	nu_x_fu	ORT15_nu.1	ORT16_fu.1	2	34.99329984	73.81150126	38.81820142	14695020	46163515	14310	368.64150001
raw	nu_x_fu	ORT15_nu.1	ORT16_fu.1	2	79.52240109	127.63170004	48.10929894	50771738	109210854	19741	410.33647202
raw	nu_x_fu	ORT15_nu.1	ORT16_fu.1	2	149.59039688	215.99550247	66.40510559	131482478	208641174	26917	405.34533844
raw	nu_x_fu	ORT15_nu.1	ORT16_fu.1	2	218.62349510	260.38670540	41.76321030	211981894	238794246	12511	299.56988247
raw	nu_x_fu	ORT15_nu.1	ORT16_fu.1	3	0.01990000	21.31759971	21.29769971	104972	8652999	5269	247.39760964
raw	nu_x_fu	ORT15_nu.1	ORT16_fu.1	3	25.62589943	141.92899466	116.30309522	10617478	131716105	46581	400.51384627
raw	nu_x_fu	ORT15_nu.1	ORT16_fu.1	3	149.94399548	223.25730324	73.31330776	140189148	197836412	21223	289.48359647
raw	nu_x_fu	ORT15_nu.1	ORT16_fu.1	4	20.80609947	109.37999487	88.57389539	7759804	96448249	31604	356.80941726
raw	nu_x_fu	ORT15_nu.1	ORT16_fu.1	4	117.61360168	147.21380472	29.60020304	108186875	141773937	11155	376.85552312
raw	nu_x_fu	ORT15_nu.1	ORT16_fu.1	4	152.89649963	200.62119961	47.72469997	149042334	185331345	13988	293.09770428
raw	nu_x_fu	ORT15_nu.1	ORT16_fu.1	5	0.12310000	32.60369897	32.48059897	163769	16891243	8583	264.25005299
raw	nu_x_fu	ORT15_nu.1	ORT16_fu.1	5	36.63839996	127.42010355	90.78170359	20562906	123536341	35309	388.94401188
raw	nu_x_fu	ORT15_nu.1	ORT16_fu.1	5	129.49290276	163.40039968	33.90749693	124559009	158576087	13982	412.35718547
raw	nu_x_fu	ORT15_nu.1	ORT16_fu.1	5	168.35119724	204.08580303	35.73460579	162934151	180690937	8061	225.57965373
raw	nu_x_fu	ORT15_nu.1	ORT16_fu.1	6	12.80310000	24.06540066	11.26230061	5059245	10744613	3154	280.04935306
raw	nu_x_fu	ORT15_nu.1	ORT16_fu.1	6	29.50670123	55.19790053	25.69119930	13838858	37002182	15557	605.53809951
raw	nu_x_fu	ORT15_nu.1	ORT16_fu.1	6	71.31249905	90.91579914	19.60330009	47362455	83612194	10821	551.99889548
raw	nu_x_fu	ORT15_nu.1	ORT16_fu.1	6	111.11060381	126.92389488	15.81329107	106535256	125027223	7014	443.55093242
raw	nu_x_fu	ORT15_nu.1	ORT16_fu.1	6	133.55849981	184.77530479	51.21680498	132142663	166950663	16224	316.77102869
raw	nu_x_fu	ORT15_nu.1	ORT16_fu.1	7	0.02630000	98.60759974	98.58129974	53998	81476599	31369	318.20436618
raw	nu_x_fu	ORT15_nu.1	ORT16_fu.1	7	108.21030140	187.15260029	78.94229889	93560922	159119486	24257	307.27506472
raw	nu_x_fu	ORT15_nu.1	ORT16_fu.1	8	0.01710000	49.39660132	49.37950132	200898	23714122	14220	287.97374660
raw	nu_x_fu	ORT15_nu.1	ORT16_fu.1	8	54.22679782	115.63140154	61.40460372	27458294	103498788	25707	418.64939178
raw	nu_x_fu	ORT15_nu.1	ORT16_fu.1	8	123.43380451	146.63310051	23.19929600	116659731	133035196	7854	338.54475588
raw	nu_x_fu	ORT15_nu.1	ORT16_fu.1	8	153.52859497	168.00220013	14.47360516	137312815	146296414	4081	281.96154006
raw	nu_x_fu	ORT15_nu.1	ORT16_fu.1	9	0.17550000	17.75960028	17.58410028	214706	7759331	5110	290.60343819
raw	nu_x_fu	ORT15_nu.1	ORT16_fu.1	9	20.60119957	101.94480419	81.34360462	8816479	100868900	26922	330.96640018
raw	nu_x_fu	ORT15_nu.1	ORT16_fu.1	9	110.38650274	161.04300022	50.65649748	109211719	138529219	13632	269.10664334
raw	nu_x_fu	ORT15_nu.1	ORT16_fu.1	10	0.00990000	12.99919933	12.98929933	135656	6183805	3636	279.92272003
raw	nu_x_fu	ORT15_nu.1	ORT16_fu.1	10	20.14310062	96.20530009	76.06219947	8567981	72816249	25128	330.36120667
raw	nu_x_fu	ORT15_nu.1	ORT16_fu.1	10	98.37930202	114.63400126	16.25469923	73706254	89462990	6432	395.70095447
raw	nu_x_fu	ORT15_nu.1	ORT16_fu.1	10	122.82680273	148.84200096	26.01519823	97266538	121190113	10169	390.88689272
raw	nu_x_fu	ORT15_nu.1	ORT16_fu.1	10	160.50850153	180.91529608	20.40679455	126812002	135434303	4829	236.63687056
raw	nu_x_fu	ORT15_nu.1	ORT16_fu.1	11	2.10450000	31.41190112	29.30740118	1517541	19079584	8719	297.50164289
raw	nu_x_fu	ORT15_nu.1	ORT16_fu.1	11	32.96999931	47.86919951	14.89920020	19735896	32202065	5237	351.49537756
raw	nu_x_fu	ORT15_nu.1	ORT16_fu.1	11	56.04959726	65.47610164	9.42650437	36963843	50638445	4363	462.84389495
raw	nu_x_fu	ORT15_nu.1	ORT16_fu.1	11	82.08670020	142.69700050	60.61030030	75971107	128333215	22958	378.78050241
raw	nu_x_fu	ORT15_nu.1	ORT16_fu.1	11	145.82370520	158.21709633	12.39339113	129654647	134942543	3132	252.71533566
raw	nu_x_fu	ORT15_nu.1	ORT16_fu.1	12	0.23200000	174.67989922	174.44789922	221203	133810286	53862	308.75694257
raw	nu_x_fu	ORT15_nu.1	ORT16_fu.1	13	0.73540000	34.17550027	33.44010026	19650222	36944756	8481	253.61766064
raw	nu_x_fu	ORT15_nu.1	ORT16_fu.1	13	53.05020213	76.92769766	23.87749553	51823185	80582865	10064	421.48474024
raw	nu_x_fu	ORT15_nu.1	ORT16_fu.1	13	84.32689905	111.93360090	27.60670185	92152381	108808587	8289	300.25317927
raw	nu_x_fu	ORT15_nu.1	ORT16_fu.1	13	113.82290125	125.55389404	11.73099279	109550561	114255283	2602	221.80560893
raw	nu_x_fu	ORT15_nu.1	ORT16_fu.1	14	2.23220000	40.04369974	37.81149983	20420338	44523419	9742	257.64648434
raw	nu_x_fu	ORT15_nu.1	ORT16_fu.1	14	60.19150019	95.25690079	35.06540060	65319361	95266088	13073	372.81764292
raw	nu_x_fu	ORT15_nu.1	ORT16_fu.1	14	103.37849855	115.86660147	12.48810291	98300114	105436222	2932	234.78345914
raw	nu_x_fu	ORT15_nu.1	ORT16_fu.1	15	41.14649892	73.95470142	32.80820251	33312998	60927948	11642	354.85028472
raw	nu_x_fu	ORT15_nu.1	ORT16_fu.1	15	84.26399827	134.81730223	50.55330396	68785526	99950772	13840	273.77043470
raw	nu_x_fu	ORT15_nu.1	ORT16_fu.1	16	0.01330000	71.64120078	71.62790078	105320	55508873	17122	239.04092977
raw	nu_x_fu	ORT15_nu.1	ORT16_fu.1	16	82.17359781	90.66550136	8.49190354	62709151	73565299	3549	417.92749786
raw	nu_x_fu	ORT15_nu.1	ORT16_fu.1	16	98.66970181	134.02630091	35.35659909	78729062	90149922	7997	226.18125627
raw	nu_x_fu	ORT15_nu.1	ORT16_fu.1	17	0.91690000	128.47379446	127.55689444	158754	81041077	29240	229.23104336
raw	nu_x_fu	ORT15_nu.1	ORT16_fu.1	18	0.25440000	55.10399938	54.84959937	143973	34860858	13366	243.68455108
raw	nu_x_fu	ORT15_nu.1	ORT16_fu.1	18	63.38469982	117.70900488	54.32430506	45038544	78015180	16207	298.33791675
raw	nu_x_fu	ORT15_nu.1	ORT16_fu.1	20	11.44980000	43.83879900	32.38899931	4053254	19451637	8441	260.61317667
raw	nu_x_fu	ORT15_nu.1	ORT16_fu.1	20	52.97510028	108.21340084	55.23830056	34185161	62912463	14317	259.18610555
raw	nu_x_fu	ORT15_nu.1	ORT16_fu.1	21	18.32060069	30.20299971	11.88239902	22372723	30971183	3754	315.92946785
raw	nu_x_fu	ORT15_nu.1	ORT16_fu.1	21	41.06589854	62.78650165	21.72060311	38042539	48100155	5679	261.45682842
raw	nu_x_fu	ORT15_nu.1	ORT16_fu.1	22	13.42530000	68.99160147	55.56630194	20708685	49360648	13459	242.21514712
trim5	fu_x_nu	ORT15_fu.1.trim5	ORT16_nu.1.trim5	1	9.84500000	24.05100018	14.20600042	4165198	11615279	3386	238.34998596
trim5	fu_x_nu	ORT15_fu.1.trim5	ORT16_nu.1.trim5	1	48.50499928	216.37980938	167.87481010	23980643	203519194	58572	348.90285186
trim5	fu_x_nu	ORT15_fu.1.trim5	ORT16_nu.1.trim5	1	222.43030071	252.32620239	29.89590168	207193564	233353573	11642	389.41792506
trim5	fu_x_nu	ORT15_fu.1.trim5	ORT16_nu.1.trim5	1	263.63229752	286.27300262	22.64070511	237796237	249210707	5093	224.94882450
trim5	fu_x_nu	ORT15_fu.1.trim5	ORT16_nu.1.trim5	2	0.04830000	209.27960873	209.23130873	100373	202503225	76434	365.30861689
trim5	fu_x_nu	ORT15_fu.1.trim5	ORT16_nu.1.trim5	2	211.27541065	268.10059547	56.82518482	205151228	242663615	16843	296.40026782
trim5	fu_x_nu	ORT15_fu.1.trim5	ORT16_nu.1.trim5	3	2.64530000	14.27070051	11.62540056	1530363	5496096	2607	224.25033761
trim5	fu_x_nu	ORT15_fu.1.trim5	ORT16_nu.1.trim5	3	23.66600037	32.84749985	9.18149948	9286438	14578162	2609	284.15837798
trim5	fu_x_nu	ORT15_fu.1.trim5	ORT16_nu.1.trim5	3	41.29180014	192.45280027	151.16100013	22157610	182426208	59678	394.79759956
trim5	fu_x_nu	ORT15_fu.1.trim5	ORT16_nu.1.trim5	4	20.33019960	147.23999500	126.90979540	7689152	141778207	46394	365.56673858
trim5	fu_x_nu	ORT15_fu.1.trim5	ORT16_nu.1.trim5	4	155.27240038	214.54229355	59.26989317	153110256	190897284	15214	256.69018766
trim5	fu_x_nu	ORT15_fu.1.trim5	ORT16_nu.1.trim5	5	0.12310000	194.04569864	193.92259865	163769	175627251	67599	348.58753168
trim5	fu_x_nu	ORT15_fu.1.trim5	ORT16_nu.1.trim5	6	2.57830000	119.87119913	117.29289908	1063883	115834776	50640	431.73969096
trim5	fu_x_nu	ORT15_fu.1.trim5	ORT16_nu.1.trim5	6	120.91890574	168.67480278	47.75589705	117678083	158193725	17066	357.35900812
trim5	fu_x_nu	ORT15_fu.1.trim5	ORT16_nu.1.trim5	6	176.45900249	192.03250408	15.57350159	163621626	170909002	4099	263.20349198
trim5	fu_x_nu	ORT15_fu.1.trim5	ORT16_nu.1.trim5	7	0.28640000	138.07079792	137.78439793	128206	130641610	47876	347.47040100
trim5	fu_x_nu	ORT15_fu.1.trim5	ORT16_nu.1.trim5	8	0.01350000	163.26169968	163.24819968	197042	142689315	59991	367.48337880
trim5	fu_x_nu	ORT15_fu.1.trim5	ORT16_nu.1.trim5	9	0.16940000	79.93419766	79.76479767	209325	81707449	24643	308.94580969
trim5	fu_x_nu	ORT15_fu.1.trim5	ORT16_nu.1.trim5	9	85.32980084	166.30100012	80.97119927	85874113	141027939	24259	299.60035442
trim5	fu_x_nu	ORT15_fu.1.trim5	ORT16_nu.1.trim5	10	0.00990000	19.10080016	19.09090016	135656	8247228	5026	263.26678987
trim5	fu_x_nu	ORT15_fu.1.trim5	ORT16_nu.1.trim5	10	29.54620123	180.91529608	151.36909485	13233867	135434303	51048	337.24189242
trim5	fu_x_nu	ORT15_fu.1.trim5	ORT16_nu.1.trim5	11	0.01420000	82.37400055	82.35980055	203788	76339194	28179	342.14507335
trim5	fu_x_nu	ORT15_fu.1.trim5	ORT16_nu.1.trim5	11	88.57610226	154.15790081	65.58179855	80729199	133096258	23633	360.35913197
trim5	fu_x_nu	ORT15_fu.1.trim5	ORT16_nu.1.trim5	12	0.19360000	91.00199938	90.80839938	207231	76401140	29591	325.86192688
trim5	fu_x_nu	ORT15_fu.1.trim5	ORT16_nu.1.trim5	12	92.33739972	155.22409678	62.88669705	76521756	127709389	20884	332.08931266
trim5	fu_x_nu	ORT15_fu.1.trim5	ORT16_nu.1.trim5	13	0.57620000	41.39240086	40.81620085	19529644	41993091	10330	253.08577929
trim5	fu_x_nu	ORT15_fu.1.trim5	ORT16_nu.1.trim5	13	49.46849942	69.30670142	19.83820200	47604620	73991462	8931	450.19200834
trim5	fu_x_nu	ORT15_fu.1.trim5	ORT16_nu.1.trim5	13	74.82330203	120.49319744	45.66989541	78122582	112353163	14987	328.15928010
trim5	fu_x_nu	ORT15_fu.1.trim5	ORT16_nu.1.trim5	14	2.23610000	95.60989738	93.37379746	20424912	95331071	31208	334.22652659
trim5	fu_x_nu	ORT15_fu.1.trim5	ORT16_nu.1.trim5	14	98.19949865	108.76959562	10.57009697	96079875	101243384	2806	265.46587113
trim5	fu_x_nu	ORT15_fu.1.trim5	ORT16_nu.1.trim5	15	51.00299716	105.88450432	54.88150716	38254985	89321736	20839	379.70895989
trim5	fu_x_nu	ORT15_fu.1.trim5	ORT16_nu.1.trim5	16	11.36830000	127.65300274	116.28470272	5632390	86842231	31181	268.14361022
trim5	fu_x_nu	ORT15_fu.1.trim5	ORT16_nu.1.trim5	17	1.21040000	72.81759977	71.60719978	198698	49180862	16544	231.03822034
trim5	fu_x_nu	ORT15_fu.1.trim5	ORT16_nu.1.trim5	17	76.39870048	112.66249418	36.26379371	53455205	75468577	8631	238.00598663
trim5	fu_x_nu	ORT15_fu.1.trim5	ORT16_nu.1.trim5	18	49.98230040	117.70900488	67.72670746	28570025	78015180	22946	338.80282773
trim5	fu_x_nu	ORT15_fu.1.trim5	ORT16_nu.1.trim5	20	0.08050000	108.21340084	108.13290084	124302	62912463	29036	268.52141924
trim5	fu_x_nu	ORT15_fu.1.trim5	ORT16_nu.1.trim5	21	1.50730000	62.78650165	61.27920160	15270083	48100155	16021	261.44270130
trim5	fu_x_nu	ORT15_fu.1.trim5	ORT16_nu.1.trim5	22	2.16320000	56.29469752	54.13149744	17278762	45158955	12384	228.77623168
trim5	nu_x_fu	ORT15_nu.1.trim5	ORT16_fu.1.trim5	1	2.80480000	106.30949736	103.50469742	1106112	77890207	30612	295.75469291
trim5	nu_x_fu	ORT15_nu.1.trim5	ORT16_fu.1.trim5	1	112.83140182	150.38809776	37.55669594	84751614	120531059	13709	365.02146042
trim5	nu_x_fu	ORT15_nu.1.trim5	ORT16_fu.1.trim5	1	153.75659466	207.99829960	54.24170494	144612613	195995948	18633	343.51796317
trim5	nu_x_fu	ORT15_nu.1.trim5	ORT16_fu.1.trim5	1	217.28029251	286.27300262	68.99271011	204006538	249210707	20525	297.49519864
trim5	nu_x_fu	ORT15_nu.1.trim5	ORT16_fu.1.trim5	2	23.12549949	34.75059867	11.62509918	8703902	14640349	2817	242.32051322
trim5	nu_x_fu	ORT15_nu.1.trim5	ORT16_fu.1.trim5	2	41.63349867	74.86280203	33.22930336	19376840	46560090	12503	376.26428290
trim5	nu_x_fu	ORT15_nu.1.trim5	ORT16_fu.1.trim5	2	79.52589989	215.99550247	136.46960258	50779296	208641174	54584	399.97185429
trim5	nu_x_fu	ORT15_nu.1.trim5	ORT16_fu.1.trim5	2	218.62349510	247.42779732	28.80430222	211981894	232686545	9244	320.92428176
trim5	nu_x_fu	ORT15_nu.1.trim5	ORT16_fu.1.trim5	2	252.29430199	268.83249283	16.53819084	235432571	243044147	3779	228.50141446
trim5	nu_x_fu	ORT15_nu.1.trim5	ORT16_fu.1.trim5	3	0.01990000	95.42080164	95.40090164	104972	71708437	32922	345.09107812
trim5	nu_x_fu	ORT15_nu.1.trim5	ORT16_fu.1.trim5	3	97.04939723	121.97229862	24.92290139	72228727	112408483	11660	467.84280115
trim5	nu_x_fu	ORT15_nu.1.trim5	ORT16_fu.1.trim5	3	124.89520311	140.33499956	15.43979645	115287554	129898512	6065	392.81605949
trim5	nu_x_fu	ORT15_nu.1.trim5	ORT16_fu.1.trim5	3	149.94399548	165.89850187	15.95450640	140189148	154725998	5387	337.64755022
trim5	nu_x_fu	ORT15_nu.1.trim5	ORT16_fu.1.trim5	3	175.88709593	223.25730324	47.37020731	170250400	197836412	10640	224.61375207
trim5	nu_x_fu	ORT15_nu.1.trim5	ORT16_fu.1.trim5	4	27.34290063	109.32860374	81.98570311	11469730	96407962	30118	367.35673242
trim5	nu_x_fu	ORT15_nu.1.trim5	ORT16_fu.1.trim5	4	123.38039875	214.54229355	91.16189480	113917686	190897284	27904	306.09280404
trim5	nu_x_fu	ORT15_nu.1.trim5	ORT16_fu.1.trim5	5	0.12310000	32.39670098	32.27360098	163769	16858282	8562	265.29422621
trim5	nu_x_fu	ORT15_nu.1.trim5	ORT16_fu.1.trim5	5	36.72080040	52.58139968	15.86059928	20620134	34597334	4656	293.55763411
trim5	nu_x_fu	ORT15_nu.1.trim5	ORT16_fu.1.trim5	5	61.06719971	168.30010414	107.23290443	50165147	162798089	42569	396.97703074
trim5	nu_x_fu	ORT15_nu.1.trim5	ORT16_fu.1.trim5	5	173.86850119	197.76420593	23.89570475	166866356	177964317	5506	230.41797923
trim5	nu_x_fu	ORT15_nu.1.trim5	ORT16_fu.1.trim5	6	0.68540000	24.06540066	23.38000066	298700	10744613	5964	255.08981320
trim5	nu_x_fu	ORT15_nu.1.trim5	ORT16_fu.1.trim5	6	29.50670123	55.19790053	25.69119930	13838858	37002182	15557	605.53809951
trim5	nu_x_fu	ORT15_nu.1.trim5	ORT16_fu.1.trim5	6	73.50689769	96.11160159	22.60470390	52094056	90660319	11760	520.24569976
trim5	nu_x_fu	ORT15_nu.1.trim5	ORT16_fu.1.trim5	6	98.03270102	184.77599621	86.74329519	91642307	166951139	31203	359.71656288
trim5	nu_x_fu	ORT15_nu.1.trim5	ORT16_fu.1.trim5	7	0.02630000	105.85500002	105.82870002	53998	91148800	34888	329.66482621
trim5	nu_x_fu	ORT15_nu.1.trim5	ORT16_fu.1.trim5	7	108.25250149	139.26500082	31.01249933	93575041	131268480	12570	405.32044403
trim5	nu_x_fu	ORT15_nu.1.trim5	ORT16_fu.1.trim5	7	142.46829748	180.11250496	37.64420748	134391923	155594294	8546	227.02031926
trim5	nu_x_fu	ORT15_nu.1.trim5	ORT16_fu.1.trim5	8	0.01090000	110.53700447	110.52610447	193585	99250244	40375	365.29831747
trim5	nu_x_fu	ORT15_nu.1.trim5	ORT16_fu.1.trim5	8	113.50690126	146.63310051	33.12619925	102137549	133035196	13083	394.94419215
trim5	nu_x_fu	ORT15_nu.1.trim5	ORT16_fu.1.trim5	8	153.52859497	168.00220013	14.47360516	137312815	146296414	4081	281.96154006
trim5	nu_x_fu	ORT15_nu.1.trim5	ORT16_fu.1.trim5	9	0.19860000	159.67110395	159.47250396	247174	138245834	49821	312.41122303
trim5	nu_x_fu	ORT15_nu.1.trim5	ORT16_fu.1.trim5	10	0.00990000	12.99919933	12.98929933	135656	6183805	3636	279.92272003
trim5	nu_x_fu	ORT15_nu.1.trim5	ORT16_fu.1.trim5	10	20.14539987	95.38419843	75.23879856	8572793	72431602	24803	329.65704497
trim5	nu_x_fu	ORT15_nu.1.trim5	ORT16_fu.1.trim5	10	98.83909822	122.77560234	23.93650413	75409967	97215006	9167	382.97154638
trim5	nu_x_fu	ORT15_nu.1.trim5	ORT16_fu.1.trim5	10	124.23909903	180.91529608	56.67619705	98557448	135434303	17595	310.44778788
trim5	nu_x_fu	ORT15_nu.1.trim5	ORT16_fu.1.trim5	11	0.02180000	47.87380099	47.85200099	219089	32204168	14777	308.80631308
trim5	nu_x_fu	ORT15_nu.1.trim5	ORT16_fu.1.trim5	11	56.04500175	70.89769840	14.85269666	36952421	63269895	6574	442.61322720
trim5	nu_x_fu	ORT15_nu.1.trim5	ORT16_fu.1.trim5	11	82.07579851	158.21709633	76.14129782	75962755	134942543	26756	351.39931636
trim5	nu_x_fu	ORT15_nu.1.trim5	ORT16_fu.1.trim5	12	0.24110000	48.31700027	48.07590027	225315	27726609	12471	259.40231861
trim5	nu_x_fu	ORT15_nu.1.trim5	ORT16_fu.1.trim5	12	56.25960231	72.08589911	15.82629681	40830583	57429975	6169	389.79428198
trim5	nu_x_fu	ORT15_nu.1.trim5	ORT16_fu.1.trim5	12	72.86310196	139.54750299	66.68440104	58568798	118106433	23841	357.51989416
trim5	nu_x_fu	ORT15_nu.1.trim5	ORT16_fu.1.trim5	13	0.54620000	67.90750027	67.36130025	19451443	72975694	20606	305.90264622
trim5	nu_x_fu	ORT15_nu.1.trim5	ORT16_fu.1.trim5	13	72.70839810	98.71640205	26.00800395	75881080	103247624	10721	412.21925452
trim5	nu_x_fu	ORT15_nu.1.trim5	ORT16_fu.1.trim5	13	113.82290125	125.70459843	11.88169718	109550561	115103150	2779	233.88914550
trim5	nu_x_fu	ORT15_nu.1.trim5	ORT16_fu.1.trim5	14	2.23610000	40.04639983	37.81029992	20424912	44536451	9745	257.73400426
trim5	nu_x_fu	ORT15_nu.1.trim5	ORT16_fu.1.trim5	14	45.53979933	67.22229719	21.68249786	51862526	72888427	8957	413.09816139
trim5	nu_x_fu	ORT15_nu.1.trim5	ORT16_fu.1.trim5	14	80.37149906	120.20230293	39.83080387	85236156	107287663	9723	244.10755132
trim5	nu_x_fu	ORT15_nu.1.trim5	ORT16_fu.1.trim5	15	13.91280000	134.14000273	120.22720277	22778880	99606489	32792	272.75025322
trim5	nu_x_fu	ORT15_nu.1.trim5	ORT16_fu.1.trim5	16	7.52720000	29.74129915	22.21409902	3964688	12920125	5885	264.92184062
trim5	nu_x_fu	ORT15_nu.1.trim5	ORT16_fu.1.trim5	16	37.86039948	71.64120078	33.78080130	17848885	55508873	8345	247.03380855
trim5	nu_x_fu	ORT15_nu.1.trim5	ORT16_fu.1.trim5	16	78.40099931	125.73879957	47.33780026	59055506	86438435	13909	293.82438395
trim5	nu_x_fu	ORT15_nu.1.trim5	ORT16_fu.1.trim5	17	0.91690000	102.99459696	102.07769694	158754	71249695	24951	244.43145514
trim5	nu_x_fu	ORT15_nu.1.trim5	ORT16_fu.1.trim5	18	0.26630000	74.01400208	73.74770208	158917	54888984	22213	301.20260527
trim5	nu_x_fu	ORT15_nu.1.trim5	ORT16_fu.1.trim5	18	77.38839984	117.70900488	40.32060504	56532820	78015180	10719	265.84422504
trim5	nu_x_fu	ORT15_nu.1.trim5	ORT16_fu.1.trim5	20	7.64340000	108.21340084	100.57000071	2261387	62912463	27761	276.03658949
trim5	nu_x_fu	ORT15_nu.1.trim5	ORT16_fu.1.trim5	21	5.67850000	25.64699948	19.96849962	17326701	27874143	4607	230.71337800
trim5	nu_x_fu	ORT15_nu.1.trim5	ORT16_fu.1.trim5	21	32.00689852	40.76580107	8.75890255	32492492	37980633	2729	311.56871360
trim5	nu_x_fu	ORT15_nu.1.trim5	ORT16_fu.1.trim5	21	48.82619977	62.78650165	13.96030188	41908935	48100155	3417	244.76548074
trim5	nu_x_fu	ORT15_nu.1.trim5	ORT16_fu.1.trim5	22	13.68690000	55.42989969	41.74299985	20733495	44980963	10923	261.67261670
rescale5	fu_x_nu	ORT15_fu.1.rescale5	ORT16_nu.1.rescale5	1	24.64579940	150.38809776	125.74229836	11790687	120531059	42443	337.53955950
rescale5	fu_x_nu	ORT15_fu.1.rescale5	ORT16_nu.1.rescale5	1	153.75659466	286.27300262	132.51640797	144612613	249210707	42150	318.07381929
rescale5	fu_x_nu	ORT15_fu.1.rescale5	ORT16_nu.1.rescale5	2	10.15920000	41.64420068	31.48500100	3821280	19456196	7598	241.32125645
rescale5	fu_x_nu	ORT15_fu.1.rescale5	ORT16_nu.1.rescale5	2	49.10010099	76.76410079	27.66399980	25969729	47784992	10652	385.04916421
rescale5	fu_x_nu	ORT15_fu.1.rescale5	ORT16_nu.1.rescale5	2	84.09199715	268.08519363	183.99319649	56211772	242650634	67427	366.46463721
rescale5	fu_x_nu	ORT15_fu.1.rescale5	ORT16_nu.1.rescale5	3	0.01990000	32.84339905	32.82349905	104972	14576067	8310	253.17227721
rescale5	fu_x_nu	ORT15_fu.1.rescale5	ORT16_nu.1.rescale5	3	33.85500014	223.25730324	189.40230310	15122978	197836412	68952	364.05048340
rescale5	fu_x_nu	ORT15_fu.1.rescale5	ORT16_nu.1.rescale5	4	20.64960003	154.22400236	133.57440233	7727299	150927123	49343	369.40461000
rescale5	fu_x_nu	ORT15_fu.1.rescale5	ORT16_nu.1.rescale5	4	155.27240038	214.54229355	59.26989317	153110256	190897284	15214	256.69018766
rescale5	fu_x_nu	ORT15_fu.1.rescale5	ORT16_nu.1.rescale5	5	0.12310000	19.16390061	19.04080062	163769	8151979	4454	233.91873530
rescale5	fu_x_nu	ORT15_fu.1.rescale5	ORT16_nu.1.rescale5	5	20.39310038	175.81379414	155.42069376	8891253	167873938	58481	376.27550481
rescale5	fu_x_nu	ORT15_fu.1.rescale5	ORT16_nu.1.rescale5	6	2.57830000	55.20870090	52.63040084	1063883	37030217	22848	434.12171737
rescale5	fu_x_nu	ORT15_fu.1.rescale5	ORT16_nu.1.rescale5	6	66.74339771	119.87119913	53.12780142	43990199	115834776	24283	457.06766235
rescale5	fu_x_nu	ORT15_fu.1.rescale5	ORT16_nu.1.rescale5	6	120.93989849	162.64270544	41.70280695	117722069	154694179	15619	374.53114412
rescale5	fu_x_nu	ORT15_fu.1.rescale5	ORT16_nu.1.rescale5	6	176.45570040	192.03250408	15.57680368	163619201	170909002	4102	263.34029003
rescale5	fu_x_nu	ORT15_fu.1.rescale5	ORT16_nu.1.rescale5	7	17.43279994	179.93370295	162.50090301	8808404	155430292	54837	337.45658630
rescale5	fu_x_nu	ORT15_fu.1.rescale5	ORT16_nu.1.rescale5	8	0.01540000	163.26489449	163.24949449	198770	142693837	59990	367.47433852
rescale5	fu_x_nu	ORT15_fu.1.rescale5	ORT16_nu.1.rescale5	9	0.16940000	166.30100012	166.13160012	209325	141027939	50624	304.72228019
rescale5	fu_x_nu	ORT15_fu.1.rescale5	ORT16_nu.1.rescale5	10	0.00990000	19.10009980	19.09019980	135656	8246475	5025	263.22406533
rescale5	fu_x_nu	ORT15_fu.1.rescale5	ORT16_nu.1.rescale5	10	21.26149982	180.91529608	159.65379626	9302625	135434303	53124	332.74498475
rescale5	fu_x_nu	ORT15_fu.1.rescale5	ORT16_nu.1.rescale5	11	0.01420000	33.33840072	33.32420072	203788	19842316	9627	288.88914938
rescale5	fu_x_nu	ORT15_fu.1.rescale5	ORT16_nu.1.rescale5	11	38.37549984	158.21709633	119.84159648	21429653	134942543	44077	367.79383197
rescale5	fu_x_nu	ORT15_fu.1.rescale5	ORT16_nu.1.rescale5	12	0.19360000	51.76510215	51.57150215	207231	30412001	13758	266.77524264
rescale5	fu_x_nu	ORT15_fu.1.rescale5	ORT16_nu.1.rescale5	12	55.01790047	80.69379926	25.67589879	33084194	67081159	10637	414.27955792
rescale5	fu_x_nu	ORT15_fu.1.rescale5	ORT16_nu.1.rescale5	12	82.64399767	155.21550179	72.57150412	68272103	127702207	24214	333.65713299
rescale5	fu_x_nu	ORT15_fu.1.rescale5	ORT16_nu.1.rescale5	13	0.57620000	69.30670142	68.73050141	19529644	73991462	21060	306.41417664
rescale5	fu_x_nu	ORT15_fu.1.rescale5	ORT16_nu.1.rescale5	13	74.85650182	90.46459794	15.60809612	78127640	97627163	6864	439.77176627
rescale5	fu_x_nu	ORT15_fu.1.rescale5	ORT16_nu.1.rescale5	13	97.09320068	120.49319744	23.39999676	101836752	112353163	6068	259.31627525
rescale5	fu_x_nu	ORT15_fu.1.rescale5	ORT16_nu.1.rescale5	14	6.87820000	96.81810141	89.93990123	21500121	95705165	30870	343.22919613
rescale5	fu_x_nu	ORT15_fu.1.rescale5	ORT16_nu.1.rescale5	15	27.96600000	106.11649752	78.15049887	27115609	89357446	25593	327.48351413
rescale5	fu_x_nu	ORT15_fu.1.rescale5	ORT16_nu.1.rescale5	16	20.75140029	125.55030584	104.79890555	8592549	86369650	28071	267.85585071
rescale5	fu_x_nu	ORT15_fu.1.rescale5	ORT16_nu.1.rescale5	17	1.21040000	112.66249418	111.45209419	198698	75468577	26831	240.74020498
rescale5	fu_x_nu	ORT15_fu.1.rescale5	ORT16_nu.1.rescale5	18	1.22110000	117.70900488	116.48790492	516119	78015180	33676	289.09439159
rescale5	fu_x_nu	ORT15_fu.1.rescale5	ORT16_nu.1.rescale5	20	0.08050000	40.12469947	40.04419947	124302	17162430	9354	233.59188405
rescale5	fu_x_nu	ORT15_fu.1.rescale5	ORT16_nu.1.rescale5	20	47.02489972	98.06960225	51.04470253	21011062	59359142	15891	311.31536109
rescale5	fu_x_nu	ORT15_fu.1.rescale5	ORT16_nu.1.rescale5	21	1.74030000	62.78650165	61.04620174	15375507	48100155	16016	262.35866515
rescale5	fu_x_nu	ORT15_fu.1.rescale5	ORT16_nu.1.rescale5	22	46.10089958	57.04309940	10.94219983	37719004	45369469	3185	291.07492557
rescale5	nu_x_fu	ORT15_nu.1.rescale5	ORT16_fu.1.rescale5	1	5.25760000	106.35190010	101.09429993	2752693	77898610	30266	299.38384283
rescale5	nu_x_fu	ORT15_nu.1.rescale5	ORT16_fu.1.rescale5	1	112.83140182	286.27300262	173.44160080	84751614	249210707	55869	322.11995128
rescale5	nu_x_fu	ORT15_nu.1.rescale5	ORT16_fu.1.rescale5	2	0.04830000	74.85479712	74.80649712	100373	46558541	22011	294.23914829
rescale5	nu_x_fu	ORT15_nu.1.rescale5	ORT16_fu.1.rescale5	2	79.51530218	142.17400551	62.65870333	50763703	123170459	24610	392.76267610
rescale5	nu_x_fu	ORT15_nu.1.rescale5	ORT16_fu.1.rescale5	2	151.34639740	215.99550247	64.64910507	133091031	208641174	26723	413.35452316
rescale5	nu_x_fu	ORT15_nu.1.rescale5	ORT16_fu.1.rescale5	2	218.62349510	246.24209404	27.61859894	211981894	231793015	8916	322.82593408
rescale5	nu_x_fu	ORT15_nu.1.rescale5	ORT16_fu.1.rescale5	2	252.15380192	268.83249283	16.67869091	235411756	243044147	3787	227.05618926
rescale5	nu_x_fu	ORT15_nu.1.rescale5	ORT16_fu.1.rescale5	3	0.01990000	223.25730324	223.23740324	104972	197836412	77596	347.59408090
rescale5	nu_x_fu	ORT15_nu.1.rescale5	ORT16_fu.1.rescale5	4	1.62170000	117.42240191	115.80070183	1539392	108120475	38287	330.62839340
rescale5	nu_x_fu	ORT15_nu.1.rescale5	ORT16_fu.1.rescale5	4	121.40860558	145.22540569	23.81680012	111708287	140563620	9242	388.04541141
rescale5	nu_x_fu	ORT15_nu.1.rescale5	ORT16_fu.1.rescale5	4	152.90349722	214.54229355	61.63879633	149073555	190897284	16503	267.73722043
rescale5	nu_x_fu	ORT15_nu.1.rescale5	ORT16_fu.1.rescale5	5	0.12310000	197.65319824	197.53009825	163769	177876309	68211	345.31952652
rescale5	nu_x_fu	ORT15_nu.1.rescale5	ORT16_fu.1.rescale5	6	8.11440000	55.19790053	47.08350077	3204679	37002182	21626	459.31164092
rescale5	nu_x_fu	ORT15_nu.1.rescale5	ORT16_fu.1.rescale5	6	71.34140134	93.33760142	21.99620008	47399522	88526850	12498	568.18904865
rescale5	nu_x_fu	ORT15_nu.1.rescale5	ORT16_fu.1.rescale5	6	96.49400115	145.00210285	48.50810170	90739827	139844429	18943	390.51208634
rescale5	nu_x_fu	ORT15_nu.1.rescale5	ORT16_fu.1.rescale5	6	146.65689468	185.04960537	38.39271069	143086596	167075927	11885	309.56397159
rescale5	nu_x_fu	ORT15_nu.1.rescale5	ORT16_fu.1.rescale5	7	0.06540000	67.44610071	67.38070071	67820	43299455	20366	302.25271901
rescale5	nu_x_fu	ORT15_nu.1.rescale5	ORT16_fu.1.rescale5	7	70.14960051	105.81899881	35.66939831	45955029	91145137	13576	380.60636411
rescale5	nu_x_fu	ORT15_nu.1.rescale5	ORT16_fu.1.rescale5	7	113.36849928	187.15260029	73.78410101	98394807	159119486	22509	305.06572137
rescale5	nu_x_fu	ORT15_nu.1.rescale5	ORT16_fu.1.rescale5	8	0.01480000	146.63310051	146.61830051	198327	133035196	54265	370.11068749
rescale5	nu_x_fu	ORT15_nu.1.rescale5	ORT16_fu.1.rescale5	8	156.96879625	168.00220013	11.03340387	139668550	146296414	2756	249.78692266
rescale5	nu_x_fu	ORT15_nu.1.rescale5	ORT16_fu.1.rescale5	9	0.20360000	56.52480125	56.32120126	256995	32194193	17312	307.37980745
rescale5	nu_x_fu	ORT15_nu.1.rescale5	ORT16_fu.1.rescale5	9	57.88739920	157.18400478	99.29660559	33169412	137724371	31633	318.57080927
rescale5	nu_x_fu	ORT15_nu.1.rescale5	ORT16_fu.1.rescale5	10	20.14540000	95.39899826	75.25359839	8572793	72437958	24806	329.63207780
rescale5	nu_x_fu	ORT15_nu.1.rescale5	ORT16_fu.1.rescale5	10	96.55690193	180.91529608	84.35839415	72989703	135434303	28292	335.37859850
rescale5	nu_x_fu	ORT15_nu.1.rescale5	ORT16_fu.1.rescale5	11	7.31830000	70.89769840	63.57939839	3361087	63269895	22632	355.96436223
rescale5	nu_x_fu	ORT15_nu.1.rescale5	ORT16_fu.1.rescale5	11	78.68959904	158.21709633	79.52749729	71639041	134942543	28288	355.70087031
rescale5	nu_x_fu	ORT15_nu.1.rescale5	ORT16_fu.1.rescale5	12	3.30250000	162.86369562	159.56119560	1682177	129342583	50949	319.30695812
rescale5	nu_x_fu	ORT15_nu.1.rescale5	ORT16_fu.1.rescale5	13	0.54620000	31.09360039	30.54740038	19451443	34676035	7565	247.64791460
rescale5	nu_x_fu	ORT15_nu.1.rescale5	ORT16_fu.1.rescale5	13	37.63470054	77.08169818	39.44699764	39433789	80590833	14322	363.06945664
rescale5	nu_x_fu	ORT15_nu.1.rescale5	ORT16_fu.1.rescale5	13	84.32689905	113.67419958	29.34730053	92152381	109502849	8671	295.46158739
rescale5	nu_x_fu	ORT15_nu.1.rescale5	ORT16_fu.1.rescale5	14	2.23610000	67.08329916	64.84719925	20424912	72844257	21159	326.29011347
rescale5	nu_x_fu	ORT15_nu.1.rescale5	ORT16_fu.1.rescale5	14	79.03969884	120.20230293	41.16260409	83363440	107287663	10398	252.60792481
rescale5	nu_x_fu	ORT15_nu.1.rescale5	ORT16_fu.1.rescale5	15	65.64149857	134.58629847	68.94479990	54361385	99675028	20241	293.58269267
rescale5	nu_x_fu	ORT15_nu.1.rescale5	ORT16_fu.1.rescale5	16	7.31640000	69.98800039	62.67160028	3770729	54742518	15467	246.79440018
rescale5	nu_x_fu	ORT15_nu.1.rescale5	ORT16_fu.1.rescale5	16	71.83349729	134.02630091	62.19280362	55569417	90149922	17210	276.72011869
rescale5	nu_x_fu	ORT15_nu.1.rescale5	ORT16_fu.1.rescale5	17	26.09449923	79.59319949	53.49869728	10113345	55117622	14508	271.18417340
rescale5	nu_x_fu	ORT15_nu.1.rescale5	ORT16_fu.1.rescale5	18	37.96220124	55.06250262	17.10030138	13452635	34854121	6454	377.42024861
rescale5	nu_x_fu	ORT15_nu.1.rescale5	ORT16_fu.1.rescale5	18	60.54130197	109.28709507	48.74579310	42614858	74331870	15463	317.21711794
rescale5	nu_x_fu	ORT15_nu.1.rescale5	ORT16_fu.1.rescale5	20	7.65110000	108.21340084	100.56230053	2275618	62912463	27754	275.98811734
rescale5	nu_x_fu	ORT15_nu.1.rescale5	ORT16_fu.1.rescale5	21	1.89610000	40.79369903	38.89759909	15454659	37996897	10297	264.72070873
rescale5	nu_x_fu	ORT15_nu.1.rescale5	ORT16_fu.1.rescale5	21	48.82619977	62.78650165	13.96030188	41908935	48100155	3417	244.76548074
rescale5	nu_x_fu	ORT15_nu.1.rescale5	ORT16_fu.1.rescale5	22	19.74440068	69.02580261	49.28140193	23262360	49371163	12523	254.11208912
bamrefine5	fu_x_nu	ORT15_fu.1.bamrefine5	ORT16_nu.1.bamrefine5	1	55.41980267	169.16790009	113.74809742	30737443	158066834	38248	336.25177799
bamrefine5	fu_x_nu	ORT15_fu.1.bamrefine5	ORT16_nu.1.bamrefine5	1	173.79239798	286.26260757	112.47020960	161200487	249198164	37244	331.14546628
bamrefine5	fu_x_nu	ORT15_fu.1.bamrefine5	ORT16_nu.1.bamrefine5	2	0.04830000	46.65780067	46.60950067	100373	23182561	11224	240.80927360
bamrefine5	fu_x_nu	ORT15_fu.1.bamrefine5	ORT16_nu.1.bamrefine5	2	48.98160100	101.15040541	52.16880441	25867203	74051612	21755	417.01166525
bamrefine5	fu_x_nu	ORT15_fu.1.bamrefine5	ORT16_nu.1.bamrefine5	2	108.63879919	136.94549799	28.30669880	79902900	119149434	10552	372.77395273
bamrefine5	fu_x_nu	ORT15_fu.1.bamrefine5	ORT16_nu.1.bamrefine5	2	142.37170219	209.27960873	66.90790653	123246150	202503225	27624	412.86600391
bamrefine5	fu_x_nu	ORT15_fu.1.bamrefine5	ORT16_nu.1.bamrefine5	2	211.26461029	268.83249283	57.56788254	205146567	243044147	16895	293.47961494
bamrefine5	fu_x_nu	ORT15_fu.1.bamrefine5	ORT16_nu.1.bamrefine5	3	0.01990000	14.52019960	14.50029960	104972	5563371	3474	239.58125671
bamrefine5	fu_x_nu	ORT15_fu.1.bamrefine5	ORT16_nu.1.bamrefine5	3	23.00059944	32.86699951	9.86640006	9111221	14583194	2747	278.41968524
bamrefine5	fu_x_nu	ORT15_fu.1.bamrefine5	ORT16_nu.1.bamrefine5	3	41.29180014	150.79309940	109.50129926	22157610	140978098	45205	412.82615188
bamrefine5	fu_x_nu	ORT15_fu.1.bamrefine5	ORT16_nu.1.bamrefine5	3	158.38199854	167.80780554	9.42580700	147998865	156784535	3297	349.78437393
bamrefine5	fu_x_nu	ORT15_fu.1.bamrefine5	ORT16_nu.1.bamrefine5	3	174.74280596	223.25730324	48.51449728	169001968	197836412	11133	229.47779786
bamrefine5	fu_x_nu	ORT15_fu.1.bamrefine5	ORT16_nu.1.bamrefine5	4	33.31429958	120.22689581	86.91259623	16112274	111030787	32531	374.29557294
bamrefine5	fu_x_nu	ORT15_fu.1.bamrefine5	ORT16_nu.1.bamrefine5	4	123.70129824	211.92760468	88.22630644	113990943	189752124	27456	311.19969891
bamrefine5	fu_x_nu	ORT15_fu.1.bamrefine5	ORT16_nu.1.bamrefine5	5	0.12310000	72.63110280	72.50800281	163769	65124415	24342	335.71466677
bamrefine5	fu_x_nu	ORT15_fu.1.bamrefine5	ORT16_nu.1.bamrefine5	5	75.73649883	87.56620288	11.82970405	67351076	76540021	3182	268.98390590
bamrefine5	fu_x_nu	ORT15_fu.1.bamrefine5	ORT16_nu.1.bamrefine5	5	91.24709964	182.30789900	91.06079936	79115662	171074931	35592	390.85973602
bamrefine5	fu_x_nu	ORT15_fu.1.bamrefine5	ORT16_nu.1.bamrefine5	6	0.46570000	55.21100163	54.74530165	227205	37039564	23323	426.02742695
bamrefine5	fu_x_nu	ORT15_fu.1.bamrefine5	ORT16_nu.1.bamrefine5	6	64.05320168	162.65989542	98.60669374	42413211	154705702	41253	418.35902243
bamrefine5	fu_x_nu	ORT15_fu.1.bamrefine5	ORT16_nu.1.bamrefine5	6	176.45699978	192.03250408	15.57550430	163620409	170909002	4101	263.29805573
bamrefine5	fu_x_nu	ORT15_fu.1.bamrefine5	ORT16_nu.1.bamrefine5	7	0.11370000	187.15260029	187.03890028	85111	159119486	59826	319.85859577
bamrefine5	fu_x_nu	ORT15_fu.1.bamrefine5	ORT16_nu.1.bamrefine5	8	0.01180000	163.26489449	163.25309449	194947	142693837	59993	367.48461148
bamrefine5	fu_x_nu	ORT15_fu.1.bamrefine5	ORT16_nu.1.bamrefine5	9	0.89760000	17.75960028	16.86200025	526772	7759331	4835	286.73940989
bamrefine5	fu_x_nu	ORT15_fu.1.bamrefine5	ORT16_nu.1.bamrefine5	9	23.64639938	69.70700026	46.06060088	10259861	74394694	14859	322.59674683
bamrefine5	fu_x_nu	ORT15_fu.1.bamrefine5	ORT16_nu.1.bamrefine5	9	71.74969912	79.95539904	8.20569992	77164006	81720891	2165	263.84099113
bamrefine5	fu_x_nu	ORT15_fu.1.bamrefine5	ORT16_nu.1.bamrefine5	9	87.80469894	159.95520353	72.15050459	87697154	138327242	22647	313.88553869
bamrefine5	fu_x_nu	ORT15_fu.1.bamrefine5	ORT16_nu.1.bamrefine5	10	0.00990000	17.23739952	17.22749952	135656	7540941	4609	267.53737505
bamrefine5	fu_x_nu	ORT15_fu.1.bamrefine5	ORT16_nu.1.bamrefine5	10	32.28499889	45.18859982	12.90360093	14257361	23665438	4302	333.39530748
bamrefine5	fu_x_nu	ORT15_fu.1.bamrefine5	ORT16_nu.1.bamrefine5	10	46.92730010	180.91529608	133.98799598	24789485	135434303	45495	339.54534260
bamrefine5	fu_x_nu	ORT15_fu.1.bamrefine5	ORT16_nu.1.bamrefine5	11	0.01420000	153.87250185	153.85830185	203788	133071523	53748	349.33441585
bamrefine5	fu_x_nu	ORT15_fu.1.bamrefine5	ORT16_nu.1.bamrefine5	12	0.19360000	91.00199938	90.80839938	207231	76401140	29591	325.86192688
bamrefine5	fu_x_nu	ORT15_fu.1.bamrefine5	ORT16_nu.1.bamrefine5	12	92.33739972	139.54750299	47.21010327	76521756	118106433	16844	356.78803544
bamrefine5	fu_x_nu	ORT15_fu.1.bamrefine5	ORT16_nu.1.bamrefine5	12	145.57600021	159.68279839	14.10679817	122014770	128815245	3125	221.52439993
bamrefine5	fu_x_nu	ORT15_fu.1.bamrefine5	ORT16_nu.1.bamrefine5	13	0.55050000	90.46630263	89.91580266	19496434	97639414	29867	332.16630579
bamrefine5	fu_x_nu	ORT15_fu.1.bamrefine5	ORT16_nu.1.bamrefine5	14	2.30160000	96.80129886	94.49969884	20445370	95701542	31442	332.72063706
bamrefine5	fu_x_nu	ORT15_fu.1.bamrefine5	ORT16_nu.1.bamrefine5	15	28.00019979	106.03610277	78.03590298	27119570	89337276	25586	327.87472207
bamrefine5	fu_x_nu	ORT15_fu.1.bamrefine5	ORT16_nu.1.bamrefine5	16	0.11520000	124.65089560	124.53569559	198093	86155964	32366	259.89335705
bamrefine5	fu_x_nu	ORT15_fu.1.bamrefine5	ORT16_nu.1.bamrefine5	17	49.65369999	128.47379446	78.82009447	30634363	81041077	19090	242.19712155
bamrefine5	fu_x_nu	ORT15_fu.1.bamrefine5	ORT16_nu.1.bamrefine5	18	49.98230040	87.66729832	37.68499792	28570025	63031248	15410	408.91603694
bamrefine5	fu_x_nu	ORT15_fu.1.bamrefine5	ORT16_nu.1.bamrefine5	18	94.47519779	117.70900488	23.23380709	67669809	78015180	5493	236.42272571
bamrefine5	fu_x_nu	ORT15_fu.1.bamrefine5	ORT16_nu.1.bamrefine5	20	0.07760000	91.81950092	91.74190093	100505	56866380	25930	282.64075344
bamrefine5	fu_x_nu	ORT15_fu.1.bamrefine5	ORT16_nu.1.bamrefine5	21	1.45240000	55.43550253	53.98310255	15231699	43808526	13980	258.96992464
bamrefine5	nu_x_fu	ORT15_nu.1.bamrefine5	ORT16_fu.1.bamrefine5	1	3.34000000	150.38809776	147.04809785	1566177	120531059	46821	318.40602282
bamrefine5	nu_x_fu	ORT15_nu.1.bamrefine5	ORT16_fu.1.bamrefine5	1	154.79969978	172.16360569	17.36390591	145383170	160126188	4378	252.13221170
bamrefine5	nu_x_fu	ORT15_nu.1.bamrefine5	ORT16_fu.1.bamrefine5	1	180.67109585	259.88130569	79.21020985	165465281	236619656	29209	368.75296829
bamrefine5	nu_x_fu	ORT15_nu.1.bamrefine5	ORT16_fu.1.bamrefine5	2	41.63349867	216.00530148	174.37180281	19376840	208641908	69245	397.11122375
bamrefine5	nu_x_fu	ORT15_nu.1.bamrefine5	ORT16_fu.1.bamrefine5	2	218.62349510	268.83249283	50.20899773	211981894	243044147	14341	285.62609591
bamrefine5	nu_x_fu	ORT15_nu.1.bamrefine5	ORT16_fu.1.bamrefine5	3	0.01990000	21.62940055	21.60950055	104972	8685908	5288	244.70718273
bamrefine5	nu_x_fu	ORT15_nu.1.bamrefine5	ORT16_fu.1.bamrefine5	3	25.67909956	121.97229862	96.29319906	10629780	112408483	38638	401.25367499
bamrefine5	nu_x_fu	ORT15_nu.1.bamrefine5	ORT16_fu.1.bamrefine5	3	149.94399548	163.86740208	13.92340660	140189148	151980287	4481	321.83215850
bamrefine5	nu_x_fu	ORT15_nu.1.bamrefine5	ORT16_fu.1.bamrefine5	3	166.50489569	223.25730324	56.75240755	154900690	197836412	15780	278.04987808
bamrefine5	nu_x_fu	ORT15_nu.1.bamrefine5	ORT16_fu.1.bamrefine5	4	0.35530000	145.16669512	144.81139511	111487	140546206	49311	340.51878280
bamrefine5	nu_x_fu	ORT15_nu.1.bamrefine5	ORT16_fu.1.bamrefine5	4	152.89649963	214.52510357	61.62860394	149042334	190793847	16505	267.81395239
bamrefine5	nu_x_fu	ORT15_nu.1.bamrefine5	ORT16_fu.1.bamrefine5	5	0.12310000	197.67080545	197.54770546	163769	177883242	68217	345.31912097
bamrefine5	nu_x_fu	ORT15_nu.1.bamrefine5	ORT16_fu.1.bamrefine5	6	0.50440000	55.19790053	54.69350051	232716	37002182	23307	426.13838540
bamrefine5	nu_x_fu	ORT15_nu.1.bamrefine5	ORT16_fu.1.bamrefine5	6	73.53050113	120.48490047	46.95439935	52122884	117560865	21618	460.40414318
bamrefine5	nu_x_fu	ORT15_nu.1.bamrefine5	ORT16_fu.1.bamrefine5	6	133.49499702	145.00210285	11.50710583	132106988	139844429	3515	305.46342866
bamrefine5	nu_x_fu	ORT15_nu.1.bamrefine5	ORT16_fu.1.bamrefine5	6	146.83539867	184.77530479	37.93990612	143256102	166950663	11701	308.40877579
bamrefine5	nu_x_fu	ORT15_nu.1.bamrefine5	ORT16_fu.1.bamrefine5	7	0.11370000	67.44610071	67.33240071	85111	43299455	20365	302.45468431
bamrefine5	nu_x_fu	ORT15_nu.1.bamrefine5	ORT16_fu.1.bamrefine5	7	75.24380088	180.21099567	104.96719480	50477213	155600417	34845	331.96085756
bamrefine5	nu_x_fu	ORT15_nu.1.bamrefine5	ORT16_fu.1.bamrefine5	8	0.01350000	42.90120006	42.88770006	197042	20315601	12294	286.65561417
bamrefine5	nu_x_fu	ORT15_nu.1.bamrefine5	ORT16_fu.1.bamrefine5	8	54.21940088	87.37519979	33.15579891	27456253	70865668	14021	422.88228485
bamrefine5	nu_x_fu	ORT15_nu.1.bamrefine5	ORT16_fu.1.bamrefine5	8	96.56879902	115.71439505	19.14559603	81043866	103553857	7846	409.80703807
bamrefine5	nu_x_fu	ORT15_nu.1.bamrefine5	ORT16_fu.1.bamrefine5	8	117.79530048	149.87210035	32.07679987	105883980	134643872	12489	389.34681922
bamrefine5	nu_x_fu	ORT15_nu.1.bamrefine5	ORT16_fu.1.bamrefine5	8	153.52859497	168.00220013	14.47360516	137312815	146296414	4081	281.96154006
bamrefine5	nu_x_fu	ORT15_nu.1.bamrefine5	ORT16_fu.1.bamrefine5	9	6.94780000	108.38299990	101.43520012	2241091	107605344	34063	335.81044803
bamrefine5	nu_x_fu	ORT15_nu.1.bamrefine5	ORT16_fu.1.bamrefine5	9	109.52869654	159.70200300	50.17330647	107973277	138270987	13929	277.61774101
bamrefine5	nu_x_fu	ORT15_nu.1.bamrefine5	ORT16_fu.1.bamrefine5	10	0.00990000	64.33860064	64.32870064	135656	45935744	20335	316.11084631
bamrefine5	nu_x_fu	ORT15_nu.1.bamrefine5	ORT16_fu.1.bamrefine5	10	66.44560099	95.41199803	28.96639705	47543322	72444130	9658	333.42082498
bamrefine5	nu_x_fu	ORT15_nu.1.bamrefine5	ORT16_fu.1.bamrefine5	10	98.83909822	180.91529608	82.07619786	75409967	135434303	27386	333.66555363
bamrefine5	nu_x_fu	ORT15_nu.1.bamrefine5	ORT16_fu.1.bamrefine5	11	5.84680000	54.35670018	48.50990027	2875163	36090420	15760	324.88213564
bamrefine5	nu_x_fu	ORT15_nu.1.bamrefine5	ORT16_fu.1.bamrefine5	11	56.94739819	71.00579739	14.05839920	37844652	63330396	6297	447.91728491
bamrefine5	nu_x_fu	ORT15_nu.1.bamrefine5	ORT16_fu.1.bamrefine5	11	78.68369818	105.67400455	26.99030638	71579229	100414181	11878	440.08392620
bamrefine5	nu_x_fu	ORT15_nu.1.bamrefine5	ORT16_fu.1.bamrefine5	11	108.84619951	126.61620378	17.77000427	103779558	119214868	6472	364.20925402
bamrefine5	nu_x_fu	ORT15_nu.1.bamrefine5	ORT16_fu.1.bamrefine5	11	132.33449459	158.21709633	25.88260174	122473947	134942543	6828	263.80655504
bamrefine5	nu_x_fu	ORT15_nu.1.bamrefine5	ORT16_fu.1.bamrefine5	12	0.28080000	39.08419907	38.80339907	235962	20985903	9343	240.77787572
bamrefine5	nu_x_fu	ORT15_nu.1.bamrefine5	ORT16_fu.1.bamrefine5	12	45.18170059	92.60039926	47.41869867	25161238	77032629	18587	391.97617231
bamrefine5	nu_x_fu	ORT15_nu.1.bamrefine5	ORT16_fu.1.bamrefine5	12	93.41750145	139.54750299	46.13000154	77659754	118106433	16400	355.51700522
bamrefine5	nu_x_fu	ORT15_nu.1.bamrefine5	ORT16_fu.1.bamrefine5	13	0.58670000	28.51229906	27.92559904	19548826	32787876	6679	239.17123462
bamrefine5	nu_x_fu	ORT15_nu.1.bamrefine5	ORT16_fu.1.bamrefine5	13	40.59810042	67.67910123	27.08100080	41013977	72961605	10440	385.51012480
bamrefine5	nu_x_fu	ORT15_nu.1.bamrefine5	ORT16_fu.1.bamrefine5	13	68.50699782	76.96750164	8.46050382	73178190	80584643	3186	376.57331869
bamrefine5	nu_x_fu	ORT15_nu.1.bamrefine5	ORT16_fu.1.bamrefine5	13	84.32689905	123.76250029	39.43560123	92152381	113453030	10968	278.12432565
bamrefine5	nu_x_fu	ORT15_nu.1.bamrefine5	ORT16_fu.1.bamrefine5	14	14.61140066	58.22070241	43.60930175	24222978	62934700	15115	346.60036724
bamrefine5	nu_x_fu	ORT15_nu.1.bamrefine5	ORT16_fu.1.bamrefine5	14	60.19250154	74.37279820	14.18029666	65322019	78582939	5649	398.36966290
bamrefine5	nu_x_fu	ORT15_nu.1.bamrefine5	ORT16_fu.1.bamrefine5	14	82.33609796	95.15280128	12.81670332	87138566	95263461	3809	297.19030745
bamrefine5	nu_x_fu	ORT15_nu.1.bamrefine5	ORT16_fu.1.bamrefine5	15	43.39280128	75.35840273	31.96560144	33970148	61291680	11426	357.44673911
bamrefine5	nu_x_fu	ORT15_nu.1.bamrefine5	ORT16_fu.1.bamrefine5	15	81.26900196	141.34600163	60.07699966	66531931	102398060	16281	271.00221534
bamrefine5	nu_x_fu	ORT15_nu.1.bamrefine5	ORT16_fu.1.bamrefine5	16	0.01330000	94.21679974	94.20349974	105320	76375008	24650	261.66756085
bamrefine5	nu_x_fu	ORT15_nu.1.bamrefine5	ORT16_fu.1.bamrefine5	16	98.66970181	120.84180117	22.17209935	78729062	85494776	5588	252.02845754
bamrefine5	nu_x_fu	ORT15_nu.1.bamrefine5	ORT16_fu.1.bamrefine5	17	26.09449923	128.47379446	102.37929523	10113345	81041077	24734	241.59181741
bamrefine5	nu_x_fu	ORT15_nu.1.bamrefine5	ORT16_fu.1.bamrefine5	18	25.34390092	117.70900488	92.36510396	8458190	78015180	29461	318.96245159
bamrefine5	nu_x_fu	ORT15_nu.1.bamrefine5	ORT16_fu.1.bamrefine5	20	11.45800000	106.82699680	95.36899701	4053420	62154594	26680	279.75548488
bamrefine5	nu_x_fu	ORT15_nu.1.bamrefine5	ORT16_fu.1.bamrefine5	21	5.67850000	40.76710045	35.08860059	17326701	37983133	9358	266.69630143
bamrefine5	nu_x_fu	ORT15_nu.1.bamrefine5	ORT16_fu.1.bamrefine5	21	48.82229865	62.78650165	13.96420300	41907697	48100155	3418	244.76871326
bamrefine5	nu_x_fu	ORT15_nu.1.bamrefine5	ORT16_fu.1.bamrefine5	22	13.42530000	56.21179938	42.78649986	20708685	45149986	11006	257.23066941
