iid1	iid2	individual1	individual2	library1	library2	treatment1	treatment2	library_direction	same_treatment	mixed_library	same_treatment_method	non_udg_treatment	callable_map_denominator_cM	native_sum_gt8_cM	native_n_gt8	native_recovery_gt8_pct	native_sum_gt12_cM	native_n_gt12	native_recovery_gt12_pct	native_sum_gt16_cM	native_n_gt16	native_recovery_gt16_pct	native_sum_gt20_cM	native_n_gt20	native_recovery_gt20_pct	density220_sum_gt8_cM	density220_n_gt8	density220_recovery_gt8_pct	density220_sum_gt12_cM	density220_n_gt12	density220_recovery_gt12_pct	density220_sum_gt16_cM	density220_n_gt16	density220_recovery_gt16_pct	density220_sum_gt20_cM	density220_n_gt20	density220_recovery_gt20_pct
ORT15_fu_raw	ORT16_fu_raw	ORT15	ORT16	fu	fu	raw	raw	ORT15_fu_x_ORT16_fu	yes	no	raw		3538.851100	3278.188499	50	92.634259	3269.675501	49	92.393701	3217.483607	45	90.918875	3200.688210	44	90.444275	3042.263204	43	85.967539	3042.263204	43	85.967539	3017.397809	41	85.264899	3000.602412	40	84.790299
ORT15_fu_raw	ORT16_fu_trim5	ORT15	ORT16	fu	fu	raw	trim5	ORT15_fu_x_ORT16_fu	no	no			3538.851100	3362.663524	40	95.021334	3329.009924	37	94.070359	3314.644727	36	93.664430	3314.644727	36	93.664430	3218.041423	36	90.934638	3207.028523	35	90.623438	3207.028523	35	90.623438	3207.028523	35	90.623438
ORT15_fu_raw	ORT16_fu_rescale5	ORT15	ORT16	fu	fu	raw	rescale5	ORT15_fu_x_ORT16_fu	no	no			3538.851100	3341.339692	44	94.418770	3329.497191	43	94.084128	3289.210197	40	92.945708	3272.435399	39	92.471689	3143.287090	39	88.822248	3131.444588	38	88.487605	3105.522791	36	87.755113	3105.522791	36	87.755113
ORT15_fu_raw	ORT16_fu_bamrefine5	ORT15	ORT16	fu	fu	raw	bamrefine5	ORT15_fu_x_ORT16_fu	no	no			3538.851100	3347.733329	44	94.599440	3335.839627	43	94.263351	3321.474431	42	93.857423	3285.488526	40	92.840542	3103.031518	38	87.684715	3091.137816	37	87.348626	3091.137816	37	87.348626	3071.906514	36	86.805193
ORT15_fu_raw	ORT16_nu_raw	ORT15	ORT16	fu	nu	raw	raw	ORT15_fu_x_ORT16_nu	yes	yes	raw	raw	3538.851100	3210.823817	57	90.730684	3162.032213	52	89.351943	3061.050217	45	86.498418	2989.122318	41	84.465897	2922.124019	47	82.572675	2913.918319	46	82.340800	2827.585320	40	79.901223	2755.657422	36	77.868702
ORT15_fu_raw	ORT16_nu_trim5	ORT15	ORT16	fu	nu	raw	trim5	ORT15_fu_x_ORT16_nu	no	yes		trim5	3538.851100	3195.537888	50	90.298738	3154.219780	46	89.131181	3098.594891	42	87.559346	3060.971288	40	86.496188	2919.723388	41	82.504839	2887.124783	38	81.583675	2872.110791	37	81.159413	2834.487188	35	80.096255
ORT15_fu_raw	ORT16_nu_rescale5	ORT15	ORT16	fu	nu	raw	rescale5	ORT15_fu_x_ORT16_nu	no	yes		rescale5	3538.851100	3244.743891	51	91.689189	3213.202994	48	90.797914	3153.387796	44	89.107671	3097.602895	41	87.531315	3037.649277	45	85.837160	3027.854684	44	85.560387	2968.039486	40	83.870143	2912.254585	37	82.293787
ORT15_fu_raw	ORT16_nu_bamrefine5	ORT15	ORT16	fu	nu	raw	bamrefine5	ORT15_fu_x_ORT16_nu	no	yes		bamrefine5	3538.851100	3152.069324	62	89.070414	3081.360511	55	87.072341	3023.004017	51	85.423318	2931.223195	46	82.829797	2773.495400	50	78.372763	2741.187994	47	77.459829	2682.831500	43	75.810805	2607.349186	39	73.677844
ORT15_fu_trim5	ORT16_fu_raw	ORT15	ORT16	fu	fu	trim5	raw	ORT15_fu_x_ORT16_fu	no	no			3538.851100	3335.480746	43	94.253210	3326.586947	42	94.001891	3299.817654	40	93.245451	3263.442561	38	92.217572	3079.171360	37	87.010481	3070.277560	36	86.759162	3057.790768	35	86.406313	3040.947068	34	85.930348
ORT15_fu_trim5	ORT16_fu_trim5	ORT15	ORT16	fu	fu	trim5	trim5	ORT15_fu_x_ORT16_fu	yes	no	trim5		3538.851100	3428.804368	36	96.890326	3409.905178	34	96.356277	3395.540685	33	95.950369	3362.206783	31	95.008428	3142.774187	29	88.807754	3133.885287	28	88.556574	3133.885287	28	88.556574	3117.259585	27	88.086769
ORT15_fu_trim5	ORT16_fu_rescale5	ORT15	ORT16	fu	fu	trim5	rescale5	ORT15_fu_x_ORT16_fu	no	no			3538.851100	3418.405066	36	96.596465	3399.500976	34	96.062278	3385.695777	33	95.672174	3385.695777	33	95.672174	3119.635867	29	88.153917	3110.742067	28	87.902598	3110.742067	28	87.902598	3110.742067	28	87.902598
ORT15_fu_trim5	ORT16_fu_bamrefine5	ORT15	ORT16	fu	fu	trim5	bamrefine5	ORT15_fu_x_ORT16_fu	no	no			3538.851100	3429.182684	35	96.901016	3420.288884	34	96.649698	3405.924391	33	96.243789	3388.056898	32	95.738894	3170.074187	30	89.579191	3161.180387	29	89.327872	3161.180387	29	89.327872	3143.312894	28	88.822977
ORT15_fu_trim5	ORT16_nu_raw	ORT15	ORT16	fu	nu	trim5	raw	ORT15_fu_x_ORT16_nu	no	yes		raw	3538.851100	3325.378324	50	93.967738	3253.497717	43	91.936553	3238.848719	42	91.522605	3163.837414	38	89.402954	2967.900313	38	83.866211	2930.015014	34	82.795657	2930.015014	34	82.795657	2891.889608	32	81.718318
ORT15_fu_trim5	ORT16_nu_trim5	ORT15	ORT16	fu	nu	trim5	trim5	ORT15_fu_x_ORT16_nu	yes	yes	trim5	trim5	3538.851100	3284.220692	50	92.804715	3244.032388	46	91.669084	3157.025179	40	89.210455	3085.261477	36	87.182574	2947.807384	38	83.298429	2916.430387	35	82.411786	2886.650885	33	81.570284	2847.721783	31	80.470235
ORT15_fu_trim5	ORT16_nu_rescale5	ORT15	ORT16	fu	nu	trim5	rescale5	ORT15_fu_x_ORT16_nu	no	yes		rescale5	3538.851100	3316.296402	49	93.711103	3243.082598	42	91.642245	3183.847294	38	89.968388	3110.072296	34	87.883672	3033.115281	38	85.709039	3009.365081	36	85.037912	2965.890389	33	83.809415	2911.561691	30	82.274207
ORT15_fu_trim5	ORT16_nu_bamrefine5	ORT15	ORT16	fu	nu	trim5	bamrefine5	ORT15_fu_x_ORT16_nu	no	yes		bamrefine5	3538.851100	3243.132018	60	91.643642	3164.555825	52	89.423254	3119.020407	49	88.136526	3029.298012	44	85.601172	2900.979685	48	81.975184	2859.597393	44	80.805813	2829.773091	42	79.963045	2759.506096	38	77.977457
ORT15_fu_rescale5	ORT16_fu_raw	ORT15	ORT16	fu	fu	rescale5	raw	ORT15_fu_x_ORT16_fu	no	no			3538.851100	3377.306502	37	95.435112	3368.793505	36	95.194554	3341.761902	34	94.430701	3341.761902	34	94.430701	3126.028408	31	88.334556	3126.028408	31	88.334556	3113.558306	30	87.982179	3113.558306	30	87.982179
ORT15_fu_rescale5	ORT16_fu_trim5	ORT15	ORT16	fu	fu	rescale5	trim5	ORT15_fu_x_ORT16_fu	no	no			3538.851100	3412.536792	38	96.430641	3412.536792	38	96.430641	3371.283892	35	95.264926	3371.283892	35	95.264926	3148.071094	32	88.957433	3148.071094	32	88.957433	3135.595090	31	88.604889	3135.595090	31	88.604889
ORT15_fu_rescale5	ORT16_fu_rescale5	ORT15	ORT16	fu	fu	rescale5	rescale5	ORT15_fu_x_ORT16_fu	yes	no	rescale5		3538.851100	3345.335601	41	94.531686	3336.822603	40	94.291128	3322.279603	39	93.880175	3322.279603	39	93.880175	3083.098595	35	87.121456	3083.098595	35	87.121456	3083.098595	35	87.121456	3083.098595	35	87.121456
ORT15_fu_rescale5	ORT16_fu_bamrefine5	ORT15	ORT16	fu	fu	rescale5	bamrefine5	ORT15_fu_x_ORT16_fu	no	no			3538.851100	3403.297092	37	96.169548	3403.297092	37	96.169548	3374.395895	35	95.352865	3374.395895	35	95.352865	3198.779391	33	90.390336	3198.779391	33	90.390336	3198.779391	33	90.390336	3198.779391	33	90.390336
ORT15_fu_rescale5	ORT16_nu_raw	ORT15	ORT16	fu	nu	rescale5	raw	ORT15_fu_x_ORT16_nu	no	yes		raw	3538.851100	3265.452428	53	92.274366	3205.348723	47	90.575970	3144.749232	43	88.863565	3068.913636	39	86.720621	2929.967613	42	82.794317	2892.308612	38	81.730158	2876.399918	37	81.280614	2839.233623	35	80.230378
ORT15_fu_rescale5	ORT16_nu_trim5	ORT15	ORT16	fu	nu	rescale5	trim5	ORT15_fu_x_ORT16_nu	no	yes		trim5	3538.851100	3260.624020	50	92.137926	3216.991112	46	90.904958	3141.752506	41	88.778884	3087.285105	38	87.239757	2991.729718	39	84.539576	2969.565217	37	83.913257	2953.989713	36	83.473128	2934.898813	35	82.933662
ORT15_fu_rescale5	ORT16_nu_rescale5	ORT15	ORT16	fu	nu	rescale5	rescale5	ORT15_fu_x_ORT16_nu	yes	yes	rescale5	rescale5	3538.851100	3291.878712	49	93.021114	3229.923009	43	91.270385	3169.878014	39	89.573648	3094.552514	35	87.445118	2999.226207	37	84.751410	2988.284007	36	84.442208	2957.099107	34	83.560993	2918.968107	32	82.483496
ORT15_fu_rescale5	ORT16_nu_bamrefine5	ORT15	ORT16	fu	nu	rescale5	bamrefine5	ORT15_fu_x_ORT16_nu	no	yes		bamrefine5	3538.851100	3222.785316	55	91.068689	3185.942809	51	90.027603	3126.304904	47	88.342369	3071.879205	44	86.804421	2914.448387	44	82.355779	2904.582388	43	82.076988	2859.096084	40	80.791647	2841.868584	39	80.304836
ORT15_fu_bamrefine5	ORT16_fu_raw	ORT15	ORT16	fu	fu	bamrefine5	raw	ORT15_fu_x_ORT16_fu	no	no			3538.851100	3329.139267	42	94.074014	3311.363958	40	93.571723	3311.363958	40	93.571723	3274.916958	38	92.541813	3029.985370	33	85.620595	3029.985370	33	85.620595	3029.985370	33	85.620595	3013.069762	32	85.142598
ORT15_fu_bamrefine5	ORT16_fu_trim5	ORT15	ORT16	fu	fu	bamrefine5	trim5	ORT15_fu_x_ORT16_fu	no	no			3538.851100	3414.510076	32	96.486401	3405.352776	31	96.227637	3390.991680	30	95.821824	3390.991680	30	95.821824	3129.537688	25	88.433720	3129.537688	25	88.433720	3129.537688	25	88.433720	3129.537688	25	88.433720
ORT15_fu_bamrefine5	ORT16_fu_rescale5	ORT15	ORT16	fu	fu	bamrefine5	rescale5	ORT15_fu_x_ORT16_fu	no	no			3538.851100	3348.956883	36	94.634015	3339.957285	35	94.379707	3312.962198	33	93.616886	3312.962198	33	93.616886	3081.864880	29	87.086594	3081.864880	29	87.086594	3069.230889	28	86.729585	3069.230889	28	86.729585
ORT15_fu_bamrefine5	ORT16_fu_bamrefine5	ORT15	ORT16	fu	fu	bamrefine5	bamrefine5	ORT15_fu_x_ORT16_fu	yes	no	bamrefine5		3538.851100	3412.364880	34	96.425783	3412.364880	34	96.425783	3385.971883	32	95.679976	3385.971883	32	95.679976	3172.457380	28	89.646535	3172.457380	28	89.646535	3172.457380	28	89.646535	3172.457380	28	89.646535
ORT15_fu_bamrefine5	ORT16_nu_raw	ORT15	ORT16	fu	nu	bamrefine5	raw	ORT15_fu_x_ORT16_nu	no	yes		raw	3538.851100	3314.594741	48	93.663018	3292.322739	46	93.033661	3248.981537	43	91.808936	3191.211936	40	90.176496	2979.331229	38	84.189223	2968.268130	37	83.876604	2939.678828	35	83.068735	2920.587928	34	82.529269
ORT15_fu_bamrefine5	ORT16_nu_trim5	ORT15	ORT16	fu	nu	bamrefine5	trim5	ORT15_fu_x_ORT16_nu	no	yes		trim5	3538.851100	3258.256038	51	92.071012	3237.567136	49	91.486390	3122.640762	41	88.238829	3070.614463	38	86.768682	2919.144643	39	82.488485	2898.455741	37	81.903863	2856.497558	34	80.718218	2837.406658	33	80.178752
ORT15_fu_bamrefine5	ORT16_nu_rescale5	ORT15	ORT16	fu	nu	bamrefine5	rescale5	ORT15_fu_x_ORT16_nu	no	yes		rescale5	3538.851100	3300.797181	49	93.273130	3258.021185	45	92.064376	3227.636096	43	91.205762	3156.198996	39	89.187109	3027.193383	40	85.541700	3015.491585	39	85.211033	2999.883489	38	84.769983	2945.392288	35	83.230184
ORT15_fu_bamrefine5	ORT16_nu_bamrefine5	ORT15	ORT16	fu	nu	bamrefine5	bamrefine5	ORT15_fu_x_ORT16_nu	yes	yes	bamrefine5	bamrefine5	3538.851100	3242.785336	54	91.633845	3165.706614	46	89.455773	3108.620411	42	87.842645	3055.084612	39	86.329843	2825.176814	42	79.833164	2785.849203	38	78.721854	2728.763000	34	77.108726	2694.673500	32	76.145433
ORT15_nu_raw	ORT16_fu_raw	ORT15	ORT16	nu	fu	raw	raw	ORT15_nu_x_ORT16_fu	yes	yes	raw	raw	3538.851100	3050.475403	71	86.199597	2949.059032	61	83.333798	2850.414942	54	80.546337	2796.972842	51	79.036183	2857.303716	64	80.740999	2795.490527	58	78.994296	2712.433637	52	76.647295	2658.991538	49	75.137141
ORT15_nu_raw	ORT16_fu_trim5	ORT15	ORT16	nu	fu	raw	trim5	ORT15_nu_x_ORT16_fu	no	yes		raw	3538.851100	3125.929421	67	88.331759	3067.060898	61	86.668266	2962.979283	54	83.727153	2926.285783	52	82.690277	2861.941818	58	80.872061	2832.472597	55	80.039327	2756.573087	50	77.894577	2719.879587	48	76.857701
ORT15_nu_raw	ORT16_fu_rescale5	ORT15	ORT16	nu	fu	raw	rescale5	ORT15_nu_x_ORT16_fu	no	yes		raw	3538.851100	3127.459211	64	88.374987	3049.077885	56	86.160107	2934.030189	48	82.909117	2897.327088	46	81.871969	2894.143716	55	81.782014	2854.373190	51	80.658188	2768.393191	45	78.228586	2731.690090	43	77.191439
ORT15_nu_raw	ORT16_fu_bamrefine5	ORT15	ORT16	nu	fu	raw	bamrefine5	ORT15_nu_x_ORT16_fu	no	yes		raw	3538.851100	3137.178420	65	88.649630	3061.133100	57	86.500760	2941.818974	49	83.129210	2922.946367	48	82.595913	2914.167623	56	82.347845	2885.705406	53	81.543567	2781.967778	46	78.612174	2763.095171	45	78.078876
ORT15_nu_raw	ORT16_nu_raw	ORT15	ORT16	nu	nu	raw	raw	ORT15_nu_x_ORT16_nu	yes	no	raw		3538.851100	3164.773985	61	89.429419	3121.594189	57	88.209255	3096.303790	55	87.494605	3041.326191	52	85.941061	2947.967580	54	83.302956	2915.228180	51	82.377814	2889.937782	49	81.663164	2834.960183	46	80.109620
ORT15_nu_raw	ORT16_nu_trim5	ORT15	ORT16	nu	nu	raw	trim5	ORT15_nu_x_ORT16_nu	no	no			3538.851100	3134.439423	63	88.572232	3083.221029	58	87.124915	3026.676917	54	85.527106	2974.698412	51	84.058310	2875.729121	56	81.261659	2845.285726	53	80.401397	2788.741614	49	78.803587	2736.763109	46	77.334791
ORT15_nu_raw	ORT16_nu_rescale5	ORT15	ORT16	nu	nu	raw	rescale5	ORT15_nu_x_ORT16_nu	no	no			3538.851100	3136.583291	62	88.632813	3085.801707	57	87.197840	3044.669099	54	86.035524	2954.673996	49	83.492464	2880.535299	53	81.397471	2839.930397	49	80.250068	2811.403397	47	79.443958	2721.408294	42	76.900899
ORT15_nu_raw	ORT16_nu_bamrefine5	ORT15	ORT16	nu	nu	raw	bamrefine5	ORT15_nu_x_ORT16_nu	no	no			3538.851100	3120.376425	69	88.174844	3081.240129	65	87.068940	3025.637723	61	85.497740	2930.446029	56	82.807836	2809.452808	59	79.388839	2770.316511	55	78.282935	2727.319712	52	77.067942	2670.444618	49	75.460779
ORT15_nu_trim5	ORT16_fu_raw	ORT15	ORT16	nu	fu	trim5	raw	ORT15_nu_x_ORT16_fu	no	yes		trim5	3538.851100	3023.042934	80	85.424417	2918.491018	70	82.470015	2756.198599	59	77.883995	2663.691708	54	75.269957	2804.248520	69	79.241778	2739.311914	63	77.406815	2591.101401	53	73.218718	2536.719403	50	71.682004
ORT15_nu_trim5	ORT16_fu_trim5	ORT15	ORT16	nu	fu	trim5	trim5	ORT15_nu_x_ORT16_fu	yes	yes	trim5	trim5	3538.851100	3165.806272	66	89.458589	3123.139067	62	88.252910	2989.700058	53	84.482222	2933.527668	50	82.894917	2960.518654	59	83.657621	2928.252955	56	82.745865	2808.895853	48	79.373101	2772.389162	46	78.341504
ORT15_nu_trim5	ORT16_fu_rescale5	ORT15	ORT16	nu	fu	trim5	rescale5	ORT15_nu_x_ORT16_fu	no	yes		trim5	3538.851100	3129.955040	67	88.445514	3079.842642	62	87.029450	2947.416936	53	83.287396	2855.076343	48	80.678058	2899.635724	59	81.937206	2859.941527	55	80.815537	2741.590027	47	77.471189	2669.021734	43	75.420572
ORT15_nu_trim5	ORT16_fu_bamrefine5	ORT15	ORT16	nu	fu	trim5	bamrefine5	ORT15_nu_x_ORT16_fu	no	yes		trim5	3538.851100	3119.830668	70	88.159422	3043.928968	63	86.014610	2912.597754	54	82.303484	2873.048155	52	81.185901	2914.715652	63	82.363331	2849.207153	57	80.512208	2731.957848	49	77.199005	2711.989348	48	76.634740
ORT15_nu_trim5	ORT16_nu_raw	ORT15	ORT16	nu	nu	trim5	raw	ORT15_nu_x_ORT16_nu	no	no			3538.851100	3154.524166	67	89.139782	3051.434052	57	86.226687	3009.818654	54	85.050729	2918.177059	49	82.461143	2959.225053	59	83.621067	2898.796648	53	81.913496	2857.181249	50	80.737538	2765.539655	45	78.147952
ORT15_nu_trim5	ORT16_nu_trim5	ORT15	ORT16	nu	nu	trim5	trim5	ORT15_nu_x_ORT16_nu	yes	no	trim5		3538.851100	3168.196246	69	89.526125	3109.060438	63	87.855079	3024.240531	57	85.458259	2933.361435	52	82.890219	2867.547824	58	81.030474	2828.200423	54	79.918605	2774.096220	50	78.389741	2683.217125	45	75.821702
ORT15_nu_trim5	ORT16_nu_rescale5	ORT15	ORT16	nu	nu	trim5	rescale5	ORT15_nu_x_ORT16_nu	no	no			3538.851100	3126.733393	65	88.354477	3051.321888	57	86.223517	2972.164099	51	83.986696	2897.540195	47	81.877991	2894.158873	57	81.782443	2838.019875	51	80.196080	2771.228785	46	78.308714	2696.604882	42	76.200010
ORT15_nu_trim5	ORT16_nu_bamrefine5	ORT15	ORT16	nu	nu	trim5	bamrefine5	ORT15_nu_x_ORT16_nu	no	no			3538.851100	3155.713416	63	89.173388	3088.204426	56	87.265735	3035.880527	52	85.787179	2959.225126	48	83.621069	2887.320524	52	81.589206	2848.280918	48	80.486035	2795.957019	44	79.007478	2737.584019	41	77.357988
ORT15_nu_rescale5	ORT16_fu_raw	ORT15	ORT16	nu	fu	rescale5	raw	ORT15_nu_x_ORT16_fu	no	yes		rescale5	3538.851100	3174.874628	60	89.714841	3115.103035	54	88.025829	3073.732136	51	86.856781	2982.673352	46	84.283663	2900.376833	49	81.958148	2880.522335	47	81.397105	2839.151436	44	80.228056	2785.662544	41	78.716580
ORT15_nu_rescale5	ORT16_fu_trim5	ORT15	ORT16	nu	fu	rescale5	trim5	ORT15_nu_x_ORT16_fu	no	yes		rescale5	3538.851100	3236.988307	54	91.470034	3199.934711	50	90.422983	3172.138109	48	89.637513	3098.033715	44	87.543489	3016.100804	46	85.228248	2995.839606	44	84.655712	2968.043004	42	83.870243	2931.556211	40	82.839208
ORT15_nu_rescale5	ORT16_fu_rescale5	ORT15	ORT16	nu	fu	rescale5	rescale5	ORT15_nu_x_ORT16_fu	yes	yes	rescale5	rescale5	3538.851100	3240.649703	52	91.573497	3203.949702	48	90.536437	3189.989400	47	90.141950	3156.210407	45	89.187432	2972.542705	43	83.997394	2961.509301	42	83.685615	2947.548999	41	83.291128	2913.770007	39	82.336609
ORT15_nu_rescale5	ORT16_fu_bamrefine5	ORT15	ORT16	nu	fu	rescale5	bamrefine5	ORT15_nu_x_ORT16_fu	no	yes		rescale5	3538.851100	3218.657505	53	90.952047	3190.811512	50	90.165181	3148.500511	47	88.969567	3075.977413	43	86.920227	3017.816200	46	85.276722	3006.786504	45	84.965047	2964.475503	42	83.769433	2928.040405	40	82.739859
ORT15_nu_rescale5	ORT16_nu_raw	ORT15	ORT16	nu	nu	rescale5	raw	ORT15_nu_x_ORT16_nu	no	no			3538.851100	3215.525097	52	90.863532	3163.812894	47	89.402261	3122.289691	44	88.228908	3086.966287	42	87.230748	3022.189284	45	85.400295	2980.943883	41	84.234793	2939.420680	38	83.061440	2939.420680	38	83.061440
ORT15_nu_rescale5	ORT16_nu_trim5	ORT15	ORT16	nu	nu	rescale5	trim5	ORT15_nu_x_ORT16_nu	no	no			3538.851100	3280.467305	48	92.698653	3243.702707	44	91.659768	3186.944200	40	90.055900	3150.177897	38	89.016966	3078.955299	41	87.004375	3050.826901	38	86.209530	3009.315697	35	85.036516	2992.391393	34	84.558274
ORT15_nu_rescale5	ORT16_nu_rescale5	ORT15	ORT16	nu	nu	rescale5	rescale5	ORT15_nu_x_ORT16_nu	yes	no	rescale5		3538.851100	3196.704824	54	90.331713	3178.678926	52	89.822342	3108.844026	47	87.848964	3092.422326	46	87.384923	2987.049402	47	84.407321	2969.023505	45	83.897949	2912.566204	41	82.302593	2896.144504	40	81.838552
ORT15_nu_rescale5	ORT16_nu_bamrefine5	ORT15	ORT16	nu	nu	rescale5	bamrefine5	ORT15_nu_x_ORT16_nu	no	no			3538.851100	3234.893725	60	91.410846	3197.246325	56	90.347015	3155.719821	53	89.173569	3101.885615	50	87.652335	3021.298602	52	85.375126	3000.679207	50	84.792469	2959.152703	47	83.619023	2905.318497	44	82.097789
ORT15_nu_bamrefine5	ORT16_fu_raw	ORT15	ORT16	nu	fu	bamrefine5	raw	ORT15_nu_x_ORT16_fu	no	yes		bamrefine5	3538.851100	3091.512243	74	87.359207	2998.138236	65	84.720666	2886.564122	57	81.567832	2735.852931	49	77.309072	2771.703430	60	78.322126	2738.203027	57	77.375480	2626.628913	49	74.222646	2553.162723	45	72.146656
ORT15_nu_bamrefine5	ORT16_fu_trim5	ORT15	ORT16	nu	fu	bamrefine5	trim5	ORT15_nu_x_ORT16_fu	no	yes		bamrefine5	3538.851100	3143.897630	69	88.839500	3070.017132	62	86.751803	2970.348616	55	83.935394	2818.461414	47	79.643402	2805.303820	57	79.271598	2764.929720	53	78.130716	2665.261205	46	75.314308	2589.726901	42	73.179878
ORT15_nu_bamrefine5	ORT16_fu_rescale5	ORT15	ORT16	nu	fu	bamrefine5	rescale5	ORT15_nu_x_ORT16_fu	no	yes		bamrefine5	3538.851100	3179.121417	61	89.834845	3111.708019	55	87.929894	3027.405507	49	85.547694	2951.737712	45	83.409492	2824.646515	48	79.818179	2790.538914	45	78.854375	2706.236402	39	76.472175	2687.090806	38	75.931163
ORT15_nu_bamrefine5	ORT16_fu_bamrefine5	ORT15	ORT16	nu	fu	bamrefine5	bamrefine5	ORT15_nu_x_ORT16_fu	yes	yes	bamrefine5	bamrefine5	3538.851100	3164.862969	64	89.431934	3111.675561	59	87.928977	3028.258947	53	85.571810	2934.399437	48	82.919551	2882.326259	53	81.448080	2862.358650	51	80.883840	2778.942036	45	78.526673	2724.662530	42	76.992856
ORT15_nu_bamrefine5	ORT16_nu_raw	ORT15	ORT16	nu	nu	bamrefine5	raw	ORT15_nu_x_ORT16_nu	no	no			3538.851100	3222.943025	59	91.073146	3185.199725	55	90.006605	3129.636127	51	88.436502	3033.562527	46	85.721678	2890.845915	48	81.688826	2871.385017	46	81.138905	2830.595217	43	79.986276	2753.311517	39	77.802412
ORT15_nu_bamrefine5	ORT16_nu_trim5	ORT15	ORT16	nu	nu	bamrefine5	trim5	ORT15_nu_x_ORT16_nu	no	no			3538.851100	3201.844906	51	90.476960	3161.176111	47	89.327751	3107.033418	43	87.797800	3028.878618	39	85.589321	2948.328810	44	83.313164	2907.660014	40	82.163955	2868.294314	37	81.051568	2809.994015	34	79.404132
ORT15_nu_bamrefine5	ORT16_nu_rescale5	ORT15	ORT16	nu	nu	bamrefine5	rescale5	ORT15_nu_x_ORT16_nu	no	no			3538.851100	3133.242733	60	88.538417	3083.115221	55	87.121926	2971.141025	47	83.957786	2878.995434	42	81.353958	2870.494019	51	81.113727	2840.139820	48	80.255985	2755.834613	42	77.873709	2663.689022	37	75.269881
ORT15_nu_bamrefine5	ORT16_nu_bamrefine5	ORT15	ORT16	nu	nu	bamrefine5	bamrefine5	ORT15_nu_x_ORT16_nu	yes	no	bamrefine5		3538.851100	3175.979839	61	89.746072	3118.012740	55	88.108051	3065.558746	51	86.625819	3027.806846	49	85.559035	2827.920123	50	79.910684	2797.959827	47	79.064073	2745.505834	43	77.581841	2707.753933	41	76.515057
