scheme,individual,comparison_id,library,treatment,damage_alt_fraction_sum,damage_n_common_dp3,transversion_alt_fraction_sum,transversion_n_common_dp3,common_target_sites,damage_alt_pct,transversion_alt_pct,estimate_unit,n_blocks,full_estimate_pp,mean_delete_one_pp,jackknife_bias_corrected_pp,jackknife_se_pp,t_critical_975,ci95_lo_pp,ci95_hi_pp,ci_excludes_zero
loco,ORT15,raw_nu_minus_raw_fu,nu,raw,838.420238095,19429,511.315873016,15033,34462,4.3153030938,3.40128964954,percentage_points,22,0.914013444261,0.91394423928,0.915466748849,0.129759796002,2.07961384473,0.645616480595,1.1853170171,yes
loco,ORT15,raw_nu_minus_raw_fu,fu,raw,658.301469125,19429,393.769235131,15033,34462,3.38824164458,2.61936562982,percentage_points,22,0.768876014757,0.768860172226,0.769208707906,0.111394042457,2.07961384473,0.537552114993,1.00086530082,yes
5mb,ORT15,raw_nu_minus_raw_fu,nu,raw,838.420238095,19429,511.315873016,15033,34462,4.3153030938,3.40128964954,percentage_points,577,0.914013444261,0.914014195892,0.913580504461,0.171808327267,1.96409103161,0.576133309719,1.2510276992,yes
5mb,ORT15,raw_nu_minus_raw_fu,fu,raw,658.301469125,19429,393.769235131,15033,34462,3.38824164458,2.61936562982,percentage_points,577,0.768876014757,0.768876434309,0.768634352832,0.160708978186,1.96409103161,0.452987290077,1.08428141559,yes
10mb,ORT15,raw_nu_minus_raw_fu,nu,raw,838.420238095,19429,511.315873016,15033,34462,4.3153030938,3.40128964954,percentage_points,289,0.914013444261,0.91401549436,0.913423015718,0.168947830559,1.96823517361,0.580893953107,1.24595207833,yes
10mb,ORT15,raw_nu_minus_raw_fu,fu,raw,658.301469125,19429,393.769235131,15033,34462,3.38824164458,2.61936562982,percentage_points,289,0.768876014757,0.768877320021,0.768500098674,0.157403988543,1.96823517361,0.458692031957,1.07830816539,yes
loco,ORT15,nu_bamrefine5_minus_rescale5,nu,bamrefine5,5350.275,164795,4221.64642857,132373,297168,3.24662459419,3.18920507095,percentage_points,22,0.0574195232407,0.0572269426673,0.0614637152815,0.0664499649566,2.07961384473,-0.0767265518239,0.199653982387,no
loco,ORT15,nu_bamrefine5_minus_rescale5,nu,rescale5,5333.59166667,164795,4216.20753968,132373,297168,3.23650090516,3.18509631094,percentage_points,22,0.0514045942235,0.0512109581722,0.055470951302,0.0663306323637,2.07961384473,-0.0824711500911,0.193413052695,no
5mb,ORT15,nu_bamrefine5_minus_rescale5,nu,bamrefine5,5350.275,164795,4221.64642857,132373,297168,3.24662459419,3.18920507095,percentage_points,577,0.0574195232407,0.0574196628524,0.0573391068902,0.0553335470661,1.96409103161,-0.0513410166495,0.16601923043,no
5mb,ORT15,nu_bamrefine5_minus_rescale5,nu,rescale5,5333.59166667,164795,4216.20753968,132373,297168,3.23650090517,3.18509631094,percentage_points,577,0.0514045942235,0.0514047339156,0.0513241316022,0.0552528685049,1.96409103161,-0.057197531899,0.159845795103,no
10mb,ORT15,nu_bamrefine5_minus_rescale5,nu,bamrefine5,5350.275,164795,4221.64642857,132373,297168,3.24662459419,3.18920507095,percentage_points,289,0.0574195232407,0.057420036292,0.0572717644633,0.0545340151017,1.96823517361,-0.0500640022183,0.164607531145,no
10mb,ORT15,nu_bamrefine5_minus_rescale5,nu,rescale5,5333.59166667,164795,4216.20753968,132373,297168,3.23650090517,3.18509631094,percentage_points,289,0.0514045942235,0.051405103115,0.0512580334884,0.0544403329481,1.96823517361,-0.0558933446834,0.15840941166,no
loco,ORT15,rescale5_shift_nu_minus_fu,nu,raw,485.020238095,18639,462.482539683,14892,33531,2.60217950585,3.10557708624,percentage_points,22,-0.503397580389,-0.503399437333,-0.50335858456,0.125063291425,2.07961384473,-0.763441936875,-0.243275232245,yes
loco,ORT15,rescale5_shift_nu_minus_fu,nu,rescale5,467.260714286,18639,456.157539683,14892,33531,2.50689797889,3.0631046178,percentage_points,22,-0.556206638906,-0.556222835622,-0.555866507867,0.122412738315,2.07961384473,-0.810437733238,-0.301295282496,yes
loco,ORT15,rescale5_shift_nu_minus_fu,fu,raw,357.249088172,18639,387.602568464,14892,33531,1.91667518736,2.6027569733,percentage_points,22,-0.68608178594,-0.686062824957,-0.686479966569,0.125052092875,2.07961384473,-0.946540030225,-0.426419902914,yes
loco,ORT15,rescale5_shift_nu_minus_fu,fu,rescale5,332.230365229,18639,384.921020845,14892,33531,1.78244736965,2.58475034142,percentage_points,22,-0.802302971777,-0.80228419569,-0.802697269606,0.116228514711,2.07961384473,-1.04440769795,-0.560986841261,yes
5mb,ORT15,rescale5_shift_nu_minus_fu,nu,raw,485.020238095,18639,462.482539683,14892,33531,2.60217950585,3.10557708624,percentage_points,577,-0.503397580389,-0.503396992274,-0.503736334573,0.157513279367,1.96409103161,-0.813106753939,-0.194365915208,yes
5mb,ORT15,rescale5_shift_nu_minus_fu,nu,rescale5,467.260714286,18639,456.157539683,14892,33531,2.50689797889,3.0631046178,percentage_points,577,-0.556206638906,-0.556206048395,-0.556546773442,0.158299016139,1.96409103161,-0.867460451354,-0.245633095529,yes
5mb,ORT15,rescale5_shift_nu_minus_fu,fu,raw,357.249088172,18639,387.602568464,14892,33531,1.91667518736,2.6027569733,percentage_points,577,-0.68608178594,-0.686081411449,-0.686297492709,0.14628541686,1.96409103161,-0.97361536802,-0.398979617398,yes
5mb,ORT15,rescale5_shift_nu_minus_fu,fu,rescale5,332.230365229,18639,384.921020845,14892,33531,1.78244736965,2.58475034142,percentage_points,577,-0.802302971777,-0.802302592422,-0.802521480536,0.146157813577,1.96409103161,-1.08958873138,-0.51545422969,yes
10mb,ORT15,rescale5_shift_nu_minus_fu,nu,raw,485.020238095,18639,462.482539683,14892,33531,2.60217950585,3.10557708624,percentage_points,289,-0.503397580389,-0.503395864637,-0.503891716832,0.147774311069,1.96823517361,-0.794746313635,-0.213037120029,yes
10mb,ORT15,rescale5_shift_nu_minus_fu,nu,rescale5,467.260714286,18639,456.157539683,14892,33531,2.50689797889,3.0631046178,percentage_points,289,-0.556206638906,-0.556204921229,-0.556701330077,0.148198730559,1.96823517361,-0.848391284248,-0.265011375907,yes
10mb,ORT15,rescale5_shift_nu_minus_fu,fu,raw,357.249088172,18639,387.602568464,14892,33531,1.91667518736,2.6027569733,percentage_points,289,-0.68608178594,-0.686080428935,-0.686472603249,0.140275814867,1.96823517361,-0.962568396078,-0.410376810421,yes
10mb,ORT15,rescale5_shift_nu_minus_fu,fu,rescale5,332.230365229,18639,384.921020845,14892,33531,1.78244736965,2.58475034142,percentage_points,289,-0.802302971777,-0.802301573767,-0.802705598802,0.140452263376,1.96823517361,-1.07914868379,-0.526262513812,yes
loco,ORT15,rescale12_shift_nu_minus_fu,nu,raw,263.753571429,18161,434.482539683,14805,32966,1.45230753498,2.93470138252,percentage_points,22,-1.48239384754,-1.48239900723,-1.48228549405,0.0995269951802,2.07961384473,-1.68926321115,-1.27530777695,yes
loco,ORT15,rescale12_shift_nu_minus_fu,nu,rescale12,235.685714286,18161,425.521428571,14805,32966,1.29775736075,2.87417378299,percentage_points,22,-1.57641642224,-1.57643707903,-1.57598262957,0.0987730307914,2.07961384473,-1.78139239189,-1.37057286725,yes
loco,ORT15,rescale12_shift_nu_minus_fu,fu,raw,169.450278649,18161,384.550187512,14805,32966,0.933044868942,2.5974345661,percentage_points,22,-1.66438969716,-1.66428567735,-1.66657411323,0.105313400014,2.07961384473,-1.88558531794,-1.44756290853,yes
loco,ORT15,rescale12_shift_nu_minus_fu,fu,rescale12,133.071031746,18161,381.304354178,14805,32966,0.732729650052,2.57551066652,percentage_points,22,-1.84278101647,-1.84266139918,-1.84529297945,0.0989628914265,2.07961384473,-2.05109757858,-1.63948838033,yes
5mb,ORT15,rescale12_shift_nu_minus_fu,nu,raw,263.753571429,18161,434.482539683,14805,32966,1.45230753498,2.93470138252,percentage_points,577,-1.48239384754,-1.48239337072,-1.48266849726,0.145445077941,1.96409103161,-1.76833587044,-1.19700112409,yes
5mb,ORT15,rescale12_shift_nu_minus_fu,nu,rescale12,235.685714286,18161,425.521428571,14805,32966,1.29775736075,2.87417378299,percentage_points,577,-1.57641642224,-1.57641592275,-1.57670412728,0.14671850716,1.96409103161,-1.86487263137,-1.2885356232,yes
5mb,ORT15,rescale12_shift_nu_minus_fu,fu,raw,169.450278649,18161,384.550187512,14805,32966,0.933044868942,2.5974345661,percentage_points,577,-1.66438969716,-1.66438949892,-1.66450388311,0.13248388914,1.96409103161,-1.92471430161,-1.40429346462,yes
5mb,ORT15,rescale12_shift_nu_minus_fu,fu,rescale12,133.071031746,18161,381.304354178,14805,32966,0.732729650052,2.57551066652,percentage_points,577,-1.84278101647,-1.84278079059,-1.8429111233,0.131973474853,1.96409103161,-2.10211904167,-1.58370320493,yes
10mb,ORT15,rescale12_shift_nu_minus_fu,nu,raw,263.753571429,18161,434.482539683,14805,32966,1.45230753498,2.93470138252,percentage_points,289,-1.48239384754,-1.48239261494,-1.48274883634,0.138361382948,1.96823517361,-1.75507657692,-1.21042109575,yes
10mb,ORT15,rescale12_shift_nu_minus_fu,nu,rescale12,235.685714286,18161,425.521428571,14805,32966,1.29775736075,2.87417378299,percentage_points,289,-1.57641642224,-1.5764152372,-1.5767577125,0.138647404089,1.96823517361,-1.84964840996,-1.30386701504,yes
10mb,ORT15,rescale12_shift_nu_minus_fu,fu,raw,169.450278649,18161,384.550187512,14805,32966,0.933044868942,2.5974345661,percentage_points,289,-1.66438969716,-1.66438897171,-1.66459862656,0.125940902906,1.96823517361,-1.91247994145,-1.41671731166,yes
10mb,ORT15,rescale12_shift_nu_minus_fu,fu,rescale12,133.071031746,18161,381.304354178,14805,32966,0.732729650052,2.57551066652,percentage_points,289,-1.84278101647,-1.84278024053,-1.84300448661,0.125160464213,1.96823517361,-2.08934971462,-1.5966592586,yes
loco,ORT16,raw_nu_minus_raw_fu,nu,raw,3160.93469388,79042,2159.56067323,62293,141335,3.99905707583,3.46677904939,percentage_points,22,0.532278026443,0.53226474392,0.532556959415,0.0920128712779,2.07961384473,0.341205718412,0.723908200417,yes
loco,ORT16,raw_nu_minus_raw_fu,fu,raw,2571.30204099,79042,1833.45874995,62293,141335,3.25308322284,2.9432821504,percentage_points,22,0.309801072433,0.309790052697,0.310032486883,0.0804605616452,2.07961384473,0.142705588931,0.477359384835,yes
5mb,ORT16,raw_nu_minus_raw_fu,nu,raw,3160.93469388,79042,2159.56067323,62293,141335,3.99905707583,3.46677904939,percentage_points,577,0.532278026443,0.532278210749,0.532171866075,0.0867588345682,1.96409103161,0.361769617187,0.702574114964,yes
5mb,ORT16,raw_nu_minus_raw_fu,fu,raw,2571.30204099,79042,1833.45874995,62293,141335,3.25308322284,2.9432821504,percentage_points,577,0.309801072433,0.309801193269,0.309731470491,0.0836824552816,1.96409103161,0.145371510569,0.474091430413,yes
10mb,ORT16,raw_nu_minus_raw_fu,nu,raw,3160.93469388,79042,2159.56067323,62293,141335,3.99905707583,3.46677904939,percentage_points,289,0.532278026443,0.532278811993,0.532051788107,0.0889403356662,1.96823517361,0.356996291096,0.707107285118,yes
10mb,ORT16,raw_nu_minus_raw_fu,fu,raw,2571.30204099,79042,1833.45874995,62293,141335,3.25308322284,2.9432821504,percentage_points,289,0.309801072433,0.309801528554,0.309669709351,0.0880516413747,1.96823517361,0.136363371703,0.482976047,yes
loco,ORT16,nu_bamrefine5_minus_rescale5,nu,bamrefine5,8832.27040816,291091,7461.70948276,237808,528899,3.03419563235,3.13770330803,percentage_points,22,-0.10350767568,-0.103566380516,-0.102274874126,0.0593898656309,2.07961384473,-0.225782860928,0.0212331126767,no
loco,ORT16,nu_bamrefine5_minus_rescale5,nu,rescale5,8794.12755102,291091,7453.59162562,237808,528899,3.02109221894,3.13428968984,percentage_points,22,-0.113197470905,-0.113256107285,-0.111966106938,0.0592262063065,2.07961384473,-0.235133745544,0.0112015316677,no
5mb,ORT16,nu_bamrefine5_minus_rescale5,nu,bamrefine5,8832.27040816,291091,7461.70948276,237808,528899,3.03419563235,3.13770330803,percentage_points,577,-0.10350767568,-0.103507525698,-0.103594064924,0.0418134730028,1.96409103161,-0.185719532249,-0.0214685975985,yes
5mb,ORT16,nu_bamrefine5_minus_rescale5,nu,rescale5,8794.12755102,291091,7453.59162562,237808,528899,3.02109221894,3.13428968984,percentage_points,577,-0.113197470905,-0.11319732022,-0.11328426546,0.0418531184924,1.96409103161,-0.195487600136,-0.0310809307845,yes
10mb,ORT16,nu_bamrefine5_minus_rescale5,nu,bamrefine5,8832.27040816,291091,7461.70948276,237808,528899,3.03419563235,3.13770330803,percentage_points,289,-0.10350767568,-0.103507299511,-0.103616012144,0.0421866415597,1.96823517361,-0.186649243919,-0.0205827803699,yes
10mb,ORT16,nu_bamrefine5_minus_rescale5,nu,rescale5,8794.12755102,291091,7453.59162562,237808,528899,3.02109221894,3.13428968984,percentage_points,289,-0.113197470905,-0.113197095396,-0.113305617722,0.0421642618354,1.96823517361,-0.196294800935,-0.0303164345078,yes
loco,ORT16,rescale5_shift_nu_minus_fu,nu,raw,1831.50136054,76166,1977.81067323,61761,137927,2.40461801925,3.20236180314,percentage_points,22,-0.797743783883,-0.79773547959,-0.797918174028,0.0898310392549,2.07961384473,-0.984732046949,-0.611104301108,yes
loco,ORT16,rescale5_shift_nu_minus_fu,nu,rescale5,1752.11802721,76166,1955.15114943,61761,137927,2.30039391226,3.16567275372,percentage_points,22,-0.865278841462,-0.865278932876,-0.865276921761,0.090273373592,2.07961384473,-1.05301067929,-0.677543164229,yes
loco,ORT16,rescale5_shift_nu_minus_fu,fu,raw,1501.6849775,76166,1806.54208328,61761,137927,1.97159490784,2.92505316184,percentage_points,22,-0.953458254005,-0.953441732805,-0.953805199203,0.071476909982,2.07961384473,-1.10244957078,-0.805160827626,yes
loco,ORT16,rescale5_shift_nu_minus_fu,fu,rescale5,1350.8191578,76166,1796.46589281,61761,137927,1.77351988788,2.90873835075,percentage_points,22,-1.13521846288,-1.13521247488,-1.13534421084,0.0677154349736,2.07961384473,-1.27616616691,-0.994522254765,yes
5mb,ORT16,rescale5_shift_nu_minus_fu,nu,raw,1831.50136054,76166,1977.81067323,61761,137927,2.40461801925,3.20236180314,percentage_points,577,-0.797743783883,-0.797743563024,-0.797870998385,0.0768177577618,1.96409103161,-0.948748067474,-0.646993929297,yes
5mb,ORT16,rescale5_shift_nu_minus_fu,nu,rescale5,1752.11802721,76166,1955.15114943,61761,137927,2.30039391226,3.16567275372,percentage_points,577,-0.865278841462,-0.865278620005,-0.865406400412,0.0767812243248,1.96409103161,-1.0162117145,-0.714601086319,yes
5mb,ORT16,rescale5_shift_nu_minus_fu,fu,raw,1501.6849775,76166,1806.54208328,61761,137927,1.97159490784,2.92505316184,percentage_points,577,-0.953458254005,-0.953458125193,-0.953532449326,0.0755262390334,1.96409103161,-1.10187285806,-0.805192040589,yes
5mb,ORT16,rescale5_shift_nu_minus_fu,fu,rescale5,1350.8191578,76166,1796.46589281,61761,137927,1.77351988788,2.90873835075,percentage_points,577,-1.13521846288,-1.13521830999,-1.13530652461,0.0751490707117,1.96409103161,-1.28290614043,-0.987706908793,yes
10mb,ORT16,rescale5_shift_nu_minus_fu,nu,raw,1831.50136054,76166,1977.81067323,61761,137927,2.40461801925,3.20236180314,percentage_points,289,-0.797743783883,-0.797743160415,-0.797923342647,0.0791154701838,1.96823517361,-0.95364119384,-0.642205491454,yes
10mb,ORT16,rescale5_shift_nu_minus_fu,nu,rescale5,1752.11802721,76166,1955.15114943,61761,137927,2.30039391226,3.16567275372,percentage_points,289,-0.865278841462,-0.865278194896,-0.865465052369,0.0788199686983,1.96823517361,-1.02060128714,-0.710328817593,yes
10mb,ORT16,rescale5_shift_nu_minus_fu,fu,raw,1501.6849775,76166,1806.54208328,61761,137927,1.97159490784,2.92505316184,percentage_points,289,-0.953458254005,-0.953457920432,-0.953554322829,0.0767153754234,1.96823517361,-1.10454822309,-0.802560422564,yes
10mb,ORT16,rescale5_shift_nu_minus_fu,fu,rescale5,1350.8191578,76166,1796.46589281,61761,137927,1.77351988788,2.90873835075,percentage_points,289,-1.13521846288,-1.13521805382,-1.13533627042,0.0760315828292,1.96823517361,-1.28498430605,-0.985688234791,yes
loco,ORT16,rescale12_shift_nu_minus_fu,nu,raw,1003.21802721,74556,1907.5273399,61541,136097,1.34558992866,3.09960406867,percentage_points,22,-1.75401414001,-1.75394726625,-1.75541848899,0.0834739322598,2.07961384473,-1.9290120342,-1.58182494379,yes
loco,ORT16,rescale12_shift_nu_minus_fu,nu,rescale12,893.535714286,74556,1872.95114943,61541,136097,1.19847592989,3.04342007674,percentage_points,22,-1.84494414685,-1.84488379032,-1.84621163395,0.0851533745312,2.07961384473,-2.02329777055,-1.66912549735,yes
loco,ORT16,rescale12_shift_nu_minus_fu,fu,raw,777.423866392,74556,1796.64208328,61541,136097,1.04273816513,2.91942295914,percentage_points,22,-1.87668479401,-1.87663338416,-1.87776440103,0.0738880829301,2.07961384473,-2.03142308126,-1.72410572081,yes
loco,ORT16,rescale12_shift_nu_minus_fu,fu,rescale12,575.02019647,74556,1779.15017795,61541,136097,0.771259451245,2.89099978542,percentage_points,22,-2.11974033418,-2.11970662949,-2.12044813261,0.0698193885376,2.07961384473,-2.26564549965,-1.97525076558,yes
5mb,ORT16,rescale12_shift_nu_minus_fu,nu,raw,1003.21802721,74556,1907.5273399,61541,136097,1.34558992866,3.09960406867,percentage_points,577,-1.75401414001,-1.75401392987,-1.75413518237,0.0721383135686,1.96409103161,-1.89582139708,-1.61244896765,yes
5mb,ORT16,rescale12_shift_nu_minus_fu,nu,rescale12,893.535714286,74556,1872.95114943,61541,136097,1.19847592989,3.04342007674,percentage_points,577,-1.84494414685,-1.8449439424,-1.84506190958,0.0719968151289,1.96409103161,-1.98647020848,-1.70365361068,yes
5mb,ORT16,rescale12_shift_nu_minus_fu,fu,raw,777.423866392,74556,1796.64208328,61541,136097,1.04273816513,2.91942295914,percentage_points,577,-1.87668479401,-1.87668469226,-1.87674340235,0.0714170000951,1.96409103161,-2.01701289175,-1.73647391296,yes
5mb,ORT16,rescale12_shift_nu_minus_fu,fu,rescale12,575.02019647,74556,1779.15017795,61541,136097,0.771259451245,2.89099978542,percentage_points,577,-2.11974033418,-2.11974020179,-2.11981659149,0.0700749170544,1.96409103161,-2.25745010762,-1.98218307537,yes
10mb,ORT16,rescale12_shift_nu_minus_fu,nu,raw,1003.21802721,74556,1907.5273399,61541,136097,1.34558992866,3.09960406867,percentage_points,289,-1.75401414001,-1.75401350832,-1.75419606737,0.0738979969985,1.96823517361,-1.89964470432,-1.60874743042,yes
10mb,ORT16,rescale12_shift_nu_minus_fu,nu,rescale12,893.535714286,74556,1872.95114943,61541,136097,1.19847592989,3.04342007674,percentage_points,289,-1.84494414685,-1.84494350959,-1.8451276772,0.0734961527845,1.96823517361,-1.98978539023,-1.70046996416,yes
10mb,ORT16,rescale12_shift_nu_minus_fu,fu,raw,777.423866392,74556,1796.64208328,61541,136097,1.04273816513,2.91942295914,percentage_points,289,-1.87668479401,-1.87668435419,-1.87681146248,0.0732579914063,1.96823517361,-2.02100041792,-1.73262250705,yes
10mb,ORT16,rescale12_shift_nu_minus_fu,fu,rescale12,575.02019647,74556,1779.15017795,61541,136097,0.771259451245,2.89099978542,percentage_points,289,-2.11974033418,-2.11973979344,-2.1198960664,0.0717442349951,1.96823517361,-2.26110559322,-1.97868653957,yes
