scheme,individual,contrast_id,description,terms_json,estimate_unit,n_blocks,full_estimate_pp,mean_delete_one_pp,jackknife_bias_corrected_pp,jackknife_se_pp,t_critical_975,ci95_lo_pp,ci95_hi_pp,ci_excludes_zero
loco,ORT15,raw_nu_minus_raw_fu,Uncorrected non-UDG minus uncorrected full-UDG DeltaALT,"[{""state"":""ORT15:nu:raw"",""coefficient"":1.0},{""state"":""ORT15:fu:raw"",""coefficient"":-1.0}]",percentage_points,22,0.381700786159,0.381589671968,0.384034184164,0.0464662334776,2.07961384473,0.287402361712,0.480666006617,yes
loco,ORT15,fu_trim5_minus_raw,fu trim5 minus fu raw DeltaALT,"[{""state"":""ORT15:fu:trim5"",""coefficient"":1.0},{""state"":""ORT15:fu:raw"",""coefficient"":-1.0}]",percentage_points,22,-0.557271293745,-0.557305207831,-0.556559097932,0.0126048948474,2.07961384473,-0.582772411767,-0.530345784096,yes
loco,ORT15,fu_rescale5_minus_raw,fu rescale5 minus fu raw DeltaALT,"[{""state"":""ORT15:fu:rescale5"",""coefficient"":1.0},{""state"":""ORT15:fu:raw"",""coefficient"":-1.0}]",percentage_points,22,-1.22780905739,-1.22781359315,-1.22771380644,0.0112866045777,2.07961384473,-1.25118558558,-1.2042420273,yes
loco,ORT15,fu_rescale12_minus_raw,fu rescale12 minus fu raw DeltaALT,"[{""state"":""ORT15:fu:rescale12"",""coefficient"":1.0},{""state"":""ORT15:fu:raw"",""coefficient"":-1.0}]",percentage_points,22,-2.19960435391,-2.19959142859,-2.19987578563,0.0223786183029,2.07961384473,-2.24641467008,-2.15333690118,yes
loco,ORT15,fu_bamrefine5_minus_raw,fu bamrefine5 minus fu raw DeltaALT,"[{""state"":""ORT15:fu:bamrefine5"",""coefficient"":1.0},{""state"":""ORT15:fu:raw"",""coefficient"":-1.0}]",percentage_points,22,-0.53181461849,-0.531838114684,-0.531321198421,0.0119603341033,2.07961384473,-0.55619407481,-0.506448322032,yes
loco,ORT15,nu_trim5_minus_raw,nu trim5 minus nu raw DeltaALT,"[{""state"":""ORT15:nu:trim5"",""coefficient"":1.0},{""state"":""ORT15:nu:raw"",""coefficient"":-1.0}]",percentage_points,22,-0.439344136231,-0.439378321243,-0.43862625098,0.0374069053441,2.07961384473,-0.516418169222,-0.360834332738,yes
loco,ORT15,nu_trim10_minus_raw,nu trim10 minus nu raw DeltaALT,"[{""state"":""ORT15:nu:trim10"",""coefficient"":1.0},{""state"":""ORT15:nu:raw"",""coefficient"":-1.0}]",percentage_points,22,-0.593655000574,-0.593676536936,-0.593202736982,0.0625064863095,2.07961384473,-0.723192091296,-0.463213382667,yes
loco,ORT15,nu_rescale5_minus_raw,nu rescale5 minus nu raw DeltaALT,"[{""state"":""ORT15:nu:rescale5"",""coefficient"":1.0},{""state"":""ORT15:nu:raw"",""coefficient"":-1.0}]",percentage_points,22,-1.10723304631,-1.10724167278,-1.10705189056,0.026753116404,2.07961384473,-1.16268804183,-1.0514157393,yes
loco,ORT15,nu_rescale10_minus_raw,nu rescale10 minus nu raw DeltaALT,"[{""state"":""ORT15:nu:rescale10"",""coefficient"":1.0},{""state"":""ORT15:nu:raw"",""coefficient"":-1.0}]",percentage_points,22,-1.86406993011,-1.86404918189,-1.86450564271,0.0305785640715,2.07961384473,-1.92809724791,-1.80091403752,yes
loco,ORT15,nu_rescale12_minus_raw,nu rescale12 minus nu raw DeltaALT,"[{""state"":""ORT15:nu:rescale12"",""coefficient"":1.0},{""state"":""ORT15:nu:raw"",""coefficient"":-1.0}]",percentage_points,22,-2.09629304316,-2.09625328769,-2.09712790801,0.0346822235817,2.07961384473,-2.16925354034,-2.02500227569,yes
loco,ORT15,nu_bamrefine5_minus_raw,nu bamrefine5 minus nu raw DeltaALT,"[{""state"":""ORT15:nu:bamrefine5"",""coefficient"":1.0},{""state"":""ORT15:nu:raw"",""coefficient"":-1.0}]",percentage_points,22,-0.442201830451,-0.442217120267,-0.441880744303,0.0282599337241,2.07961384473,-0.500650493727,-0.383110994879,yes
loco,ORT15,nu_bamrefine10_minus_raw,nu bamrefine10 minus nu raw DeltaALT,"[{""state"":""ORT15:nu:bamrefine10"",""coefficient"":1.0},{""state"":""ORT15:nu:raw"",""coefficient"":-1.0}]",percentage_points,22,-0.583764465855,-0.583745973672,-0.584152801704,0.0352353205107,2.07961384473,-0.657428662061,-0.510876941346,yes
loco,ORT15,nu_bamrefine5_minus_rescale5,Non-UDG bamRefine-5 minus Rescale-5 DeltaALT,"[{""state"":""ORT15:nu:bamrefine5"",""coefficient"":1.0},{""state"":""ORT15:nu:rescale5"",""coefficient"":-1.0}]",percentage_points,22,0.665031215864,0.665024552512,0.665171146259,0.026784320485,2.07961384473,0.609470102557,0.720872189961,yes
loco,ORT15,rescale5_shift_nu_minus_fu,Difference in rescale5 shift: non-UDG minus full-UDG,"[{""state"":""ORT15:nu:rescale5"",""coefficient"":1.0},{""state"":""ORT15:nu:raw"",""coefficient"":-1.0},{""state"":""ORT15:fu:rescale5"",""coefficient"":-1.0},{""state"":""ORT15:fu:raw"",""coefficient"":1.0}]",percentage_points,22,0.120576011071,0.120571920366,0.120661915875,0.025903761298,2.07961384473,0.0667920952489,0.1745317365,yes
loco,ORT15,rescale12_shift_nu_minus_fu,Difference in rescale12 shift: non-UDG minus full-UDG,"[{""state"":""ORT15:nu:rescale12"",""coefficient"":1.0},{""state"":""ORT15:nu:raw"",""coefficient"":-1.0},{""state"":""ORT15:fu:rescale12"",""coefficient"":-1.0},{""state"":""ORT15:fu:raw"",""coefficient"":1.0}]",percentage_points,22,0.103311310749,0.103338140898,0.102747877617,0.0300437003893,2.07961384473,0.0402685823411,0.165227172894,yes
loco,ORT16,raw_nu_minus_raw_fu,Uncorrected non-UDG minus uncorrected full-UDG DeltaALT,"[{""state"":""ORT16:nu:raw"",""coefficient"":1.0},{""state"":""ORT16:fu:raw"",""coefficient"":-1.0}]",percentage_points,22,0.300258220287,0.300241495704,0.300609436535,0.0522101741005,2.07961384473,0.19203243564,0.40918643743,yes
loco,ORT16,fu_trim5_minus_raw,fu trim5 minus fu raw DeltaALT,"[{""state"":""ORT16:fu:trim5"",""coefficient"":1.0},{""state"":""ORT16:fu:raw"",""coefficient"":-1.0}]",percentage_points,22,-0.471596231477,-0.471594086036,-0.47164128574,0.00620936383608,2.07961384473,-0.48455436474,-0.458728206739,yes
loco,ORT16,fu_rescale5_minus_raw,fu rescale5 minus fu raw DeltaALT,"[{""state"":""ORT16:fu:rescale5"",""coefficient"":1.0},{""state"":""ORT16:fu:raw"",""coefficient"":-1.0}]",percentage_points,22,-1.08180858867,-1.0818033406,-1.08191879824,0.010324782204,2.07961384473,-1.10339035825,-1.06044723822,yes
loco,ORT16,fu_rescale12_minus_raw,fu rescale12 minus fu raw DeltaALT,"[{""state"":""ORT16:fu:rescale12"",""coefficient"":1.0},{""state"":""ORT16:fu:raw"",""coefficient"":-1.0}]",percentage_points,22,-1.96947155874,-1.96944921061,-1.9699408693,0.0233171370063,2.07961384473,-2.01843151024,-1.92145022836,yes
loco,ORT16,fu_bamrefine5_minus_raw,fu bamrefine5 minus fu raw DeltaALT,"[{""state"":""ORT16:fu:bamrefine5"",""coefficient"":1.0},{""state"":""ORT16:fu:raw"",""coefficient"":-1.0}]",percentage_points,22,-0.451238309104,-0.451238926928,-0.451225334793,0.00497862256838,2.07961384473,-0.461578947213,-0.440871722372,yes
loco,ORT16,nu_trim5_minus_raw,nu trim5 minus nu raw DeltaALT,"[{""state"":""ORT16:nu:trim5"",""coefficient"":1.0},{""state"":""ORT16:nu:raw"",""coefficient"":-1.0}]",percentage_points,22,-0.406125582348,-0.406145223503,-0.40571311808,0.0324546926735,2.07961384473,-0.47320634629,-0.33821988987,yes
loco,ORT16,nu_trim10_minus_raw,nu trim10 minus nu raw DeltaALT,"[{""state"":""ORT16:nu:trim10"",""coefficient"":1.0},{""state"":""ORT16:nu:raw"",""coefficient"":-1.0}]",percentage_points,22,-0.501592186453,-0.501583928657,-0.501765600163,0.053886412691,2.07961384473,-0.613828530038,-0.389702670288,yes
loco,ORT16,nu_rescale5_minus_raw,nu rescale5 minus nu raw DeltaALT,"[{""state"":""ORT16:nu:rescale5"",""coefficient"":1.0},{""state"":""ORT16:nu:raw"",""coefficient"":-1.0}]",percentage_points,22,-1.06805002615,-1.06802685367,-1.06853664829,0.0226954857579,2.07961384473,-1.11573449469,-1.0213388019,yes
loco,ORT16,nu_rescale10_minus_raw,nu rescale10 minus nu raw DeltaALT,"[{""state"":""ORT16:nu:rescale10"",""coefficient"":1.0},{""state"":""ORT16:nu:raw"",""coefficient"":-1.0}]",percentage_points,22,-1.76190600501,-1.7618683667,-1.76269640955,0.0327649245264,2.07961384473,-1.83083480021,-1.69455801888,yes
loco,ORT16,nu_rescale12_minus_raw,nu rescale12 minus nu raw DeltaALT,"[{""state"":""ORT16:nu:rescale12"",""coefficient"":1.0},{""state"":""ORT16:nu:raw"",""coefficient"":-1.0}]",percentage_points,22,-1.98462252471,-1.98457106921,-1.98570309019,0.03774075666,2.07961384473,-2.06418929025,-1.90721689013,yes
loco,ORT16,nu_bamrefine5_minus_raw,nu bamrefine5 minus nu raw DeltaALT,"[{""state"":""ORT16:nu:bamrefine5"",""coefficient"":1.0},{""state"":""ORT16:nu:raw"",""coefficient"":-1.0}]",percentage_points,22,-0.388704167205,-0.388694124911,-0.388915055397,0.0221606542524,2.07961384473,-0.435000658788,-0.342829452005,yes
loco,ORT16,nu_bamrefine10_minus_raw,nu bamrefine10 minus nu raw DeltaALT,"[{""state"":""ORT16:nu:bamrefine10"",""coefficient"":1.0},{""state"":""ORT16:nu:raw"",""coefficient"":-1.0}]",percentage_points,22,-0.527535996264,-0.527519773376,-0.527876676913,0.0304544912082,2.07961384473,-0.591210258463,-0.464543095362,yes
loco,ORT16,nu_bamrefine5_minus_rescale5,Non-UDG bamRefine-5 minus Rescale-5 DeltaALT,"[{""state"":""ORT16:nu:bamrefine5"",""coefficient"":1.0},{""state"":""ORT16:nu:rescale5"",""coefficient"":-1.0}]",percentage_points,22,0.679345858945,0.679332728757,0.679621592894,0.0213149937635,2.07961384473,0.635294636764,0.723948549025,yes
loco,ORT16,rescale5_shift_nu_minus_fu,Difference in rescale5 shift: non-UDG minus full-UDG,"[{""state"":""ORT16:nu:rescale5"",""coefficient"":1.0},{""state"":""ORT16:nu:raw"",""coefficient"":-1.0},{""state"":""ORT16:fu:rescale5"",""coefficient"":-1.0},{""state"":""ORT16:fu:raw"",""coefficient"":1.0}]",percentage_points,22,0.0137585625199,0.0137764869282,0.0133821499471,0.0176477248017,2.07961384473,-0.0233183028785,0.0500826027727,no
loco,ORT16,rescale12_shift_nu_minus_fu,Difference in rescale12 shift: non-UDG minus full-UDG,"[{""state"":""ORT16:nu:rescale12"",""coefficient"":1.0},{""state"":""ORT16:nu:raw"",""coefficient"":-1.0},{""state"":""ORT16:fu:rescale12"",""coefficient"":-1.0},{""state"":""ORT16:fu:raw"",""coefficient"":1.0}]",percentage_points,22,-0.0151509659754,-0.0151218585984,-0.0157622208912,0.0219282855081,2.07961384473,-0.0613645870251,0.0298401452427,no
5mb,ORT15,raw_nu_minus_raw_fu,Uncorrected non-UDG minus uncorrected full-UDG DeltaALT,"[{""state"":""ORT15:nu:raw"",""coefficient"":1.0},{""state"":""ORT15:fu:raw"",""coefficient"":-1.0}]",percentage_points,577,0.381700786159,0.3817008377,0.381671098333,0.0547179090741,1.96409103161,0.274200143852,0.489142052814,yes
5mb,ORT15,fu_trim5_minus_raw,fu trim5 minus fu raw DeltaALT,"[{""state"":""ORT15:fu:trim5"",""coefficient"":1.0},{""state"":""ORT15:fu:raw"",""coefficient"":-1.0}]",percentage_points,577,-0.557271293745,-0.557271218183,-0.557314817153,0.0113181413124,1.96409103161,-0.579544676999,-0.535084957306,yes
5mb,ORT15,fu_rescale5_minus_raw,fu rescale5 minus fu raw DeltaALT,"[{""state"":""ORT15:fu:rescale5"",""coefficient"":1.0},{""state"":""ORT15:fu:raw"",""coefficient"":-1.0}]",percentage_points,577,-1.22780905739,-1.22780899776,-1.22784340168,0.00858339481645,1.96409103161,-1.24470197046,-1.2109848329,yes
5mb,ORT15,fu_rescale12_minus_raw,fu rescale12 minus fu raw DeltaALT,"[{""state"":""ORT15:fu:rescale12"",""coefficient"":1.0},{""state"":""ORT15:fu:raw"",""coefficient"":-1.0}]",percentage_points,577,-2.19960435391,-2.19960432345,-2.19962189833,0.0136042557378,1.96409103161,-2.22634189501,-2.17290190164,yes
5mb,ORT15,fu_bamrefine5_minus_raw,fu bamrefine5 minus fu raw DeltaALT,"[{""state"":""ORT15:fu:bamrefine5"",""coefficient"":1.0},{""state"":""ORT15:fu:raw"",""coefficient"":-1.0}]",percentage_points,577,-0.53181461849,-0.531814542898,-0.531858159771,0.00834651388425,1.96409103161,-0.548251472836,-0.515464846705,yes
5mb,ORT15,nu_trim5_minus_raw,nu trim5 minus nu raw DeltaALT,"[{""state"":""ORT15:nu:trim5"",""coefficient"":1.0},{""state"":""ORT15:nu:raw"",""coefficient"":-1.0}]",percentage_points,577,-0.439344136231,-0.439344173471,-0.439322686227,0.0395670874128,1.96409103161,-0.517036047762,-0.361609324693,yes
5mb,ORT15,nu_trim10_minus_raw,nu trim10 minus nu raw DeltaALT,"[{""state"":""ORT15:nu:trim10"",""coefficient"":1.0},{""state"":""ORT15:nu:raw"",""coefficient"":-1.0}]",percentage_points,577,-0.593655000574,-0.593655041591,-0.593631374901,0.0590496296038,1.96409103161,-0.709610222826,-0.477652526976,yes
5mb,ORT15,nu_rescale5_minus_raw,nu rescale5 minus nu raw DeltaALT,"[{""state"":""ORT15:nu:rescale5"",""coefficient"":1.0},{""state"":""ORT15:nu:raw"",""coefficient"":-1.0}]",percentage_points,577,-1.10723304631,-1.10723304328,-1.10723479339,0.0224932956968,1.96409103161,-1.15141367374,-1.06305591304,yes
5mb,ORT15,nu_rescale10_minus_raw,nu rescale10 minus nu raw DeltaALT,"[{""state"":""ORT15:nu:rescale10"",""coefficient"":1.0},{""state"":""ORT15:nu:raw"",""coefficient"":-1.0}]",percentage_points,577,-1.86406993011,-1.86406994986,-1.86405854969,0.0299873266107,1.96409103161,-1.92295638895,-1.80516071044,yes
5mb,ORT15,nu_rescale12_minus_raw,nu rescale12 minus nu raw DeltaALT,"[{""state"":""ORT15:nu:rescale12"",""coefficient"":1.0},{""state"":""ORT15:nu:raw"",""coefficient"":-1.0}]",percentage_points,577,-2.09629304316,-2.09629307417,-2.09627518409,0.0326914578821,1.96409103161,-2.16048418332,-2.03206618485,yes
5mb,ORT15,nu_bamrefine5_minus_raw,nu bamrefine5 minus nu raw DeltaALT,"[{""state"":""ORT15:nu:bamrefine5"",""coefficient"":1.0},{""state"":""ORT15:nu:raw"",""coefficient"":-1.0}]",percentage_points,577,-0.442201830451,-0.442201837023,-0.442198044511,0.0279103428605,1.96409103161,-0.497016498612,-0.387379590409,yes
5mb,ORT15,nu_bamrefine10_minus_raw,nu bamrefine10 minus nu raw DeltaALT,"[{""state"":""ORT15:nu:bamrefine10"",""coefficient"":1.0},{""state"":""ORT15:nu:raw"",""coefficient"":-1.0}]",percentage_points,577,-0.583764465855,-0.583764498443,-0.583745695703,0.036677092599,1.96409103161,-0.655782844343,-0.511708547064,yes
5mb,ORT15,nu_bamrefine5_minus_rescale5,Non-UDG bamRefine-5 minus Rescale-5 DeltaALT,"[{""state"":""ORT15:nu:bamrefine5"",""coefficient"":1.0},{""state"":""ORT15:nu:rescale5"",""coefficient"":-1.0}]",percentage_points,577,0.665031215864,0.665031206259,0.665036748879,0.0253623952986,1.96409103161,0.615222695733,0.714850802025,yes
5mb,ORT15,rescale5_shift_nu_minus_fu,Difference in rescale5 shift: non-UDG minus full-UDG,"[{""state"":""ORT15:nu:rescale5"",""coefficient"":1.0},{""state"":""ORT15:nu:raw"",""coefficient"":-1.0},{""state"":""ORT15:fu:rescale5"",""coefficient"":-1.0},{""state"":""ORT15:fu:raw"",""coefficient"":1.0}]",percentage_points,577,0.120576011071,0.120575954478,0.120608608289,0.0231522667598,1.96409103161,0.0751354487847,0.166081767793,yes
5mb,ORT15,rescale12_shift_nu_minus_fu,Difference in rescale12 shift: non-UDG minus full-UDG,"[{""state"":""ORT15:nu:rescale12"",""coefficient"":1.0},{""state"":""ORT15:nu:raw"",""coefficient"":-1.0},{""state"":""ORT15:fu:rescale12"",""coefficient"":-1.0},{""state"":""ORT15:fu:raw"",""coefficient"":1.0}]",percentage_points,577,0.103311310749,0.103311249285,0.103346714238,0.0320768091077,1.96409103161,0.0403449411471,0.166348487329,yes
5mb,ORT16,raw_nu_minus_raw_fu,Uncorrected non-UDG minus uncorrected full-UDG DeltaALT,"[{""state"":""ORT16:nu:raw"",""coefficient"":1.0},{""state"":""ORT16:fu:raw"",""coefficient"":-1.0}]",percentage_points,577,0.300258220287,0.300258212907,0.300262471394,0.0410622201084,1.96409103161,0.219612533141,0.380912409647,yes
5mb,ORT16,fu_trim5_minus_raw,fu trim5 minus fu raw DeltaALT,"[{""state"":""ORT16:fu:trim5"",""coefficient"":1.0},{""state"":""ORT16:fu:raw"",""coefficient"":-1.0}]",percentage_points,577,-0.471596231477,-0.471596180496,-0.471625596416,0.00671302110754,1.96409103161,-0.484810580968,-0.458440611863,yes
5mb,ORT16,fu_rescale5_minus_raw,fu rescale5 minus fu raw DeltaALT,"[{""state"":""ORT16:fu:rescale5"",""coefficient"":1.0},{""state"":""ORT16:fu:raw"",""coefficient"":-1.0}]",percentage_points,577,-1.08180858867,-1.08180855802,-1.08182624284,0.00614801616928,1.96409103161,-1.09390150626,-1.06975097942,yes
5mb,ORT16,fu_rescale12_minus_raw,fu rescale12 minus fu raw DeltaALT,"[{""state"":""ORT16:fu:rescale12"",""coefficient"":1.0},{""state"":""ORT16:fu:raw"",""coefficient"":-1.0}]",percentage_points,577,-1.96947155874,-1.96947155506,-1.96947367396,0.0119010109536,1.96409103161,-1.99284834284,-1.94609900508,yes
5mb,ORT16,fu_bamrefine5_minus_raw,fu bamrefine5 minus fu raw DeltaALT,"[{""state"":""ORT16:fu:bamrefine5"",""coefficient"":1.0},{""state"":""ORT16:fu:raw"",""coefficient"":-1.0}]",percentage_points,577,-0.451238309104,-0.45123825237,-0.451270987505,0.00534658855405,1.96409103161,-0.461772174134,-0.440769800876,yes
5mb,ORT16,nu_trim5_minus_raw,nu trim5 minus nu raw DeltaALT,"[{""state"":""ORT16:nu:trim5"",""coefficient"":1.0},{""state"":""ORT16:nu:raw"",""coefficient"":-1.0}]",percentage_points,577,-0.406125582348,-0.406125550174,-0.406144114445,0.0275306701966,1.96409103161,-0.460216856872,-0.352071372017,yes
5mb,ORT16,nu_trim10_minus_raw,nu trim10 minus nu raw DeltaALT,"[{""state"":""ORT16:nu:trim10"",""coefficient"":1.0},{""state"":""ORT16:nu:raw"",""coefficient"":-1.0}]",percentage_points,577,-0.501592186453,-0.501592199064,-0.501584922465,0.0443195950831,1.96409103161,-0.588632641692,-0.414537203237,yes
5mb,ORT16,nu_rescale5_minus_raw,nu rescale5 minus nu raw DeltaALT,"[{""state"":""ORT16:nu:rescale5"",""coefficient"":1.0},{""state"":""ORT16:nu:raw"",""coefficient"":-1.0}]",percentage_points,577,-1.06805002615,-1.06805001094,-1.06805879007,0.0181808665858,1.96409103161,-1.10376766708,-1.03234991307,yes
5mb,ORT16,nu_rescale10_minus_raw,nu rescale10 minus nu raw DeltaALT,"[{""state"":""ORT16:nu:rescale10"",""coefficient"":1.0},{""state"":""ORT16:nu:raw"",""coefficient"":-1.0}]",percentage_points,577,-1.76190600501,-1.76190599981,-1.76190900097,0.0244545205574,1.96409103161,-1.80993990547,-1.71387809646,yes
5mb,ORT16,nu_rescale12_minus_raw,nu rescale12 minus nu raw DeltaALT,"[{""state"":""ORT16:nu:rescale12"",""coefficient"":1.0},{""state"":""ORT16:nu:raw"",""coefficient"":-1.0}]",percentage_points,577,-1.98462252471,-1.98462251709,-1.98462691717,0.026018041012,1.96409103161,-2.03572871818,-1.93352511616,yes
5mb,ORT16,nu_bamrefine5_minus_raw,nu bamrefine5 minus nu raw DeltaALT,"[{""state"":""ORT16:nu:bamrefine5"",""coefficient"":1.0},{""state"":""ORT16:nu:raw"",""coefficient"":-1.0}]",percentage_points,577,-0.388704167205,-0.388704147019,-0.388715794431,0.0194746338428,1.96409103161,-0.426965748105,-0.350465840756,yes
5mb,ORT16,nu_bamrefine10_minus_raw,nu bamrefine10 minus nu raw DeltaALT,"[{""state"":""ORT16:nu:bamrefine10"",""coefficient"":1.0},{""state"":""ORT16:nu:raw"",""coefficient"":-1.0}]",percentage_points,577,-0.527535996264,-0.527535999582,-0.527534084988,0.0269961874328,1.96409103161,-0.580557054612,-0.474511115363,yes
5mb,ORT16,nu_bamrefine5_minus_rescale5,Non-UDG bamRefine-5 minus Rescale-5 DeltaALT,"[{""state"":""ORT16:nu:bamrefine5"",""coefficient"":1.0},{""state"":""ORT16:nu:rescale5"",""coefficient"":-1.0}]",percentage_points,577,0.679345858945,0.679345863916,0.679342995644,0.0184659230085,1.96409103161,0.643074241872,0.715611749415,yes
5mb,ORT16,rescale5_shift_nu_minus_fu,Difference in rescale5 shift: non-UDG minus full-UDG,"[{""state"":""ORT16:nu:rescale5"",""coefficient"":1.0},{""state"":""ORT16:nu:raw"",""coefficient"":-1.0},{""state"":""ORT16:fu:rescale5"",""coefficient"":-1.0},{""state"":""ORT16:fu:raw"",""coefficient"":1.0}]",percentage_points,577,0.0137585625199,0.0137585470855,0.0137674527614,0.017958533594,1.96409103161,-0.0215047420114,0.0490396475342,no
5mb,ORT16,rescale12_shift_nu_minus_fu,Difference in rescale12 shift: non-UDG minus full-UDG,"[{""state"":""ORT16:nu:rescale12"",""coefficient"":1.0},{""state"":""ORT16:nu:raw"",""coefficient"":-1.0},{""state"":""ORT16:fu:rescale12"",""coefficient"":-1.0},{""state"":""ORT16:fu:raw"",""coefficient"":1.0}]",percentage_points,577,-0.0151509659754,-0.0151509620218,-0.0151532432077,0.0243105258526,1.96409103161,-0.0629013290086,0.0325948425931,no
10mb,ORT15,raw_nu_minus_raw_fu,Uncorrected non-UDG minus uncorrected full-UDG DeltaALT,"[{""state"":""ORT15:nu:raw"",""coefficient"":1.0},{""state"":""ORT15:fu:raw"",""coefficient"":-1.0}]",percentage_points,289,0.381700786159,0.38170099444,0.381640801305,0.0529782945922,1.96823517361,0.277367058451,0.48591454416,yes
10mb,ORT15,fu_trim5_minus_raw,fu trim5 minus fu raw DeltaALT,"[{""state"":""ORT15:fu:trim5"",""coefficient"":1.0},{""state"":""ORT15:fu:raw"",""coefficient"":-1.0}]",percentage_points,289,-0.557271293745,-0.557271066001,-0.557336883983,0.0117955852599,1.96823517361,-0.580553369784,-0.534120398181,yes
10mb,ORT15,fu_rescale5_minus_raw,fu rescale5 minus fu raw DeltaALT,"[{""state"":""ORT15:fu:rescale5"",""coefficient"":1.0},{""state"":""ORT15:fu:raw"",""coefficient"":-1.0}]",percentage_points,289,-1.22780905739,-1.22780887953,-1.22786027978,0.00928130626121,1.96823517361,-1.24612807322,-1.20959248634,yes
10mb,ORT15,fu_rescale12_minus_raw,fu rescale12 minus fu raw DeltaALT,"[{""state"":""ORT15:fu:rescale12"",""coefficient"":1.0},{""state"":""ORT15:fu:raw"",""coefficient"":-1.0}]",percentage_points,289,-2.19960435391,-2.19960427588,-2.19962682556,0.0150750436174,1.96823517361,-2.22929805665,-2.16995559447,yes
10mb,ORT15,fu_bamrefine5_minus_raw,fu bamrefine5 minus fu raw DeltaALT,"[{""state"":""ORT15:fu:bamrefine5"",""coefficient"":1.0},{""state"":""ORT15:fu:raw"",""coefficient"":-1.0}]",percentage_points,289,-0.53181461849,-0.531814367369,-0.531886941398,0.00927837316508,1.96823517361,-0.550148961815,-0.51362492098,yes
10mb,ORT15,nu_trim5_minus_raw,nu trim5 minus nu raw DeltaALT,"[{""state"":""ORT15:nu:trim5"",""coefficient"":1.0},{""state"":""ORT15:nu:raw"",""coefficient"":-1.0}]",percentage_points,289,-0.439344136231,-0.439344248556,-0.439311786619,0.0381785782644,1.96823517361,-0.514456207237,-0.364167366,yes
10mb,ORT15,nu_trim10_minus_raw,nu trim10 minus nu raw DeltaALT,"[{""state"":""ORT15:nu:trim10"",""coefficient"":1.0},{""state"":""ORT15:nu:raw"",""coefficient"":-1.0}]",percentage_points,289,-0.593655000574,-0.593655231953,-0.593588363463,0.0584234451837,1.96823517361,-0.708579443237,-0.478597283689,yes
10mb,ORT15,nu_rescale5_minus_raw,nu rescale5 minus nu raw DeltaALT,"[{""state"":""ORT15:nu:rescale5"",""coefficient"":1.0},{""state"":""ORT15:nu:raw"",""coefficient"":-1.0}]",percentage_points,289,-1.10723304631,-1.10723302147,-1.10724020301,0.0226386384063,1.96823517361,-1.15179836741,-1.06268203862,yes
10mb,ORT15,nu_rescale10_minus_raw,nu rescale10 minus nu raw DeltaALT,"[{""state"":""ORT15:nu:rescale10"",""coefficient"":1.0},{""state"":""ORT15:nu:raw"",""coefficient"":-1.0}]",percentage_points,289,-1.86406993011,-1.86407002641,-1.86404219578,0.0304607285291,1.96823517361,-1.92399607309,-1.80408831848,yes
10mb,ORT15,nu_rescale12_minus_raw,nu rescale12 minus nu raw DeltaALT,"[{""state"":""ORT15:nu:rescale12"",""coefficient"":1.0},{""state"":""ORT15:nu:raw"",""coefficient"":-1.0}]",percentage_points,289,-2.09629304316,-2.09629314632,-2.09626333309,0.0329425086129,1.96823517361,-2.16110193725,-2.03142472893,yes
10mb,ORT15,nu_bamrefine5_minus_raw,nu bamrefine5 minus nu raw DeltaALT,"[{""state"":""ORT15:nu:bamrefine5"",""coefficient"":1.0},{""state"":""ORT15:nu:raw"",""coefficient"":-1.0}]",percentage_points,289,-0.442201830451,-0.442201832916,-0.442201120535,0.0269943172552,1.96823517361,-0.495332285244,-0.389069955825,yes
10mb,ORT15,nu_bamrefine10_minus_raw,nu bamrefine10 minus nu raw DeltaALT,"[{""state"":""ORT15:nu:bamrefine10"",""coefficient"":1.0},{""state"":""ORT15:nu:raw"",""coefficient"":-1.0}]",percentage_points,289,-0.583764465855,-0.583764573798,-0.583733378391,0.0368333647602,1.96823517361,-0.656230102474,-0.511236654307,yes
10mb,ORT15,nu_bamrefine5_minus_rescale5,Non-UDG bamRefine-5 minus Rescale-5 DeltaALT,"[{""state"":""ORT15:nu:bamrefine5"",""coefficient"":1.0},{""state"":""ORT15:nu:rescale5"",""coefficient"":-1.0}]",percentage_points,289,0.665031215864,0.66503118855,0.665039082478,0.0252202427687,1.96823517361,0.615399713574,0.714678451382,yes
10mb,ORT15,rescale5_shift_nu_minus_fu,Difference in rescale5 shift: non-UDG minus full-UDG,"[{""state"":""ORT15:nu:rescale5"",""coefficient"":1.0},{""state"":""ORT15:nu:raw"",""coefficient"":-1.0},{""state"":""ORT15:fu:rescale5"",""coefficient"":-1.0},{""state"":""ORT15:fu:raw"",""coefficient"":1.0}]",percentage_points,289,0.120576011071,0.120575858065,0.120620076766,0.0232822902841,1.96823517361,0.0747950541068,0.166445099426,yes
10mb,ORT15,rescale12_shift_nu_minus_fu,Difference in rescale12 shift: non-UDG minus full-UDG,"[{""state"":""ORT15:nu:rescale12"",""coefficient"":1.0},{""state"":""ORT15:nu:raw"",""coefficient"":-1.0},{""state"":""ORT15:fu:rescale12"",""coefficient"":-1.0},{""state"":""ORT15:fu:raw"",""coefficient"":1.0}]",percentage_points,289,0.103311310749,0.103311129562,0.103363492467,0.0321823263059,1.96823517361,0.0400211058634,0.166705879072,yes
10mb,ORT16,raw_nu_minus_raw_fu,Uncorrected non-UDG minus uncorrected full-UDG DeltaALT,"[{""state"":""ORT16:nu:raw"",""coefficient"":1.0},{""state"":""ORT16:fu:raw"",""coefficient"":-1.0}]",percentage_points,289,0.300258220287,0.300258213046,0.300260305777,0.0404362679117,1.96823517361,0.220672220984,0.379848390571,yes
10mb,ORT16,fu_trim5_minus_raw,fu trim5 minus fu raw DeltaALT,"[{""state"":""ORT16:fu:trim5"",""coefficient"":1.0},{""state"":""ORT16:fu:raw"",""coefficient"":-1.0}]",percentage_points,289,-0.471596231477,-0.471596074787,-0.47164135812,0.00662112219035,1.96823517361,-0.484673283704,-0.458609432537,yes
10mb,ORT16,fu_rescale5_minus_raw,fu rescale5 minus fu raw DeltaALT,"[{""state"":""ORT16:fu:rescale5"",""coefficient"":1.0},{""state"":""ORT16:fu:raw"",""coefficient"":-1.0}]",percentage_points,289,-1.08180858867,-1.08180849182,-1.08183648042,0.00673595912523,1.96823517361,-1.0950944321,-1.06857852874,yes
10mb,ORT16,fu_rescale12_minus_raw,fu rescale12 minus fu raw DeltaALT,"[{""state"":""ORT16:fu:rescale12"",""coefficient"":1.0},{""state"":""ORT16:fu:raw"",""coefficient"":-1.0}]",percentage_points,289,-1.96947155874,-1.96947154498,-1.96947551916,0.0135798560711,1.96823517361,-1.99620386953,-1.94274716879,yes
10mb,ORT16,fu_bamrefine5_minus_raw,fu bamrefine5 minus fu raw DeltaALT,"[{""state"":""ORT16:fu:bamrefine5"",""coefficient"":1.0},{""state"":""ORT16:fu:raw"",""coefficient"":-1.0}]",percentage_points,289,-0.451238309104,-0.45123812237,-0.451292088304,0.00550401325285,1.96823517361,-0.462125280784,-0.440458895824,yes
10mb,ORT16,nu_trim5_minus_raw,nu trim5 minus nu raw DeltaALT,"[{""state"":""ORT16:nu:trim5"",""coefficient"":1.0},{""state"":""ORT16:nu:raw"",""coefficient"":-1.0}]",percentage_points,289,-0.406125582348,-0.406125681161,-0.406097124124,0.0262116975317,1.96823517361,-0.457687909166,-0.354506339082,yes
10mb,ORT16,nu_trim10_minus_raw,nu trim10 minus nu raw DeltaALT,"[{""state"":""ORT16:nu:trim10"",""coefficient"":1.0},{""state"":""ORT16:nu:raw"",""coefficient"":-1.0}]",percentage_points,289,-0.501592186453,-0.501592440985,-0.501518881243,0.0427821485487,1.96823517361,-0.58572421082,-0.417313551667,yes
10mb,ORT16,nu_rescale5_minus_raw,nu rescale5 minus nu raw DeltaALT,"[{""state"":""ORT16:nu:rescale5"",""coefficient"":1.0},{""state"":""ORT16:nu:raw"",""coefficient"":-1.0}]",percentage_points,289,-1.06805002615,-1.0680500636,-1.06803924185,0.0183063432391,1.96823517361,-1.10407043051,-1.03200805319,yes
10mb,ORT16,nu_rescale10_minus_raw,nu rescale10 minus nu raw DeltaALT,"[{""state"":""ORT16:nu:rescale10"",""coefficient"":1.0},{""state"":""ORT16:nu:raw"",""coefficient"":-1.0}]",percentage_points,289,-1.76190600501,-1.76190606264,-1.76188940576,0.0261448873734,1.96823517361,-1.8133486927,-1.71043011882,yes
10mb,ORT16,nu_rescale12_minus_raw,nu rescale12 minus nu raw DeltaALT,"[{""state"":""ORT16:nu:rescale12"",""coefficient"":1.0},{""state"":""ORT16:nu:raw"",""coefficient"":-1.0}]",percentage_points,289,-1.98462252471,-1.98462257436,-1.98460822478,0.0282454000378,1.96823517361,-2.04020181462,-1.92901463493,yes
10mb,ORT16,nu_bamrefine5_minus_raw,nu bamrefine5 minus nu raw DeltaALT,"[{""state"":""ORT16:nu:bamrefine5"",""coefficient"":1.0},{""state"":""ORT16:nu:raw"",""coefficient"":-1.0}]",percentage_points,289,-0.388704167205,-0.388704210307,-0.388691754088,0.018780321582,1.96823517361,-0.425655843598,-0.351727664579,yes
10mb,ORT16,nu_bamrefine10_minus_raw,nu bamrefine10 minus nu raw DeltaALT,"[{""state"":""ORT16:nu:bamrefine10"",""coefficient"":1.0},{""state"":""ORT16:nu:raw"",""coefficient"":-1.0}]",percentage_points,289,-0.527535996264,-0.527536053784,-0.527519430437,0.0264178315685,1.96823517361,-0.579515935741,-0.475522925134,yes
10mb,ORT16,nu_bamrefine5_minus_rescale5,Non-UDG bamRefine-5 minus Rescale-5 DeltaALT,"[{""state"":""ORT16:nu:bamrefine5"",""coefficient"":1.0},{""state"":""ORT16:nu:rescale5"",""coefficient"":-1.0}]",percentage_points,289,0.679345858945,0.679345853289,0.67934748776,0.0189524573316,1.96823517361,0.642044594614,0.716650380907,yes
10mb,ORT16,rescale5_shift_nu_minus_fu,Difference in rescale5 shift: non-UDG minus full-UDG,"[{""state"":""ORT16:nu:rescale5"",""coefficient"":1.0},{""state"":""ORT16:nu:raw"",""coefficient"":-1.0},{""state"":""ORT16:fu:rescale5"",""coefficient"":-1.0},{""state"":""ORT16:fu:raw"",""coefficient"":1.0}]",percentage_points,289,0.0137585625199,0.0137584282281,0.0137972385735,0.0176711727175,1.96823517361,-0.020983785128,0.0485782622751,no
10mb,ORT16,rescale12_shift_nu_minus_fu,Difference in rescale12 shift: non-UDG minus full-UDG,"[{""state"":""ORT16:nu:rescale12"",""coefficient"":1.0},{""state"":""ORT16:nu:raw"",""coefficient"":-1.0},{""state"":""ORT16:fu:rescale12"",""coefficient"":-1.0},{""state"":""ORT16:fu:raw"",""coefficient"":1.0}]",percentage_points,289,-0.0151509659754,-0.0151510293794,-0.0151327056181,0.0254522977637,1.96823517361,-0.0652288133258,0.0349634020897,no
